-- MySQL dump 10.13  Distrib 5.5.28, for Win64 (x86)
--
-- Host: localhost    Database: my_rings
-- ------------------------------------------------------
-- Server version	5.5.28

/*!40101 SET @OLD_CHARACTER_SET_CLIENT=@@CHARACTER_SET_CLIENT */;
/*!40101 SET @OLD_CHARACTER_SET_RESULTS=@@CHARACTER_SET_RESULTS */;
/*!40101 SET @OLD_COLLATION_CONNECTION=@@COLLATION_CONNECTION */;
/*!40101 SET NAMES utf8 */;
/*!40103 SET @OLD_TIME_ZONE=@@TIME_ZONE */;
/*!40103 SET TIME_ZONE='+00:00' */;
/*!40014 SET @OLD_UNIQUE_CHECKS=@@UNIQUE_CHECKS, UNIQUE_CHECKS=0 */;
/*!40014 SET @OLD_FOREIGN_KEY_CHECKS=@@FOREIGN_KEY_CHECKS, FOREIGN_KEY_CHECKS=0 */;
/*!40101 SET @OLD_SQL_MODE=@@SQL_MODE, SQL_MODE='NO_AUTO_VALUE_ON_ZERO' */;
/*!40111 SET @OLD_SQL_NOTES=@@SQL_NOTES, SQL_NOTES=0 */;

--
-- Table structure for table `all_diamond_urls`
--

DROP TABLE IF EXISTS `all_diamond_urls`;
/*!40101 SET @saved_cs_client     = @@character_set_client */;
/*!40101 SET character_set_client = utf8 */;
CREATE TABLE `all_diamond_urls` 
  `id` INT(10) NOT NULL AUTO_INCREMENT,
  `diamond_url` VARCHAR(255) NOT NULL,
  PRIMARY KEY (`id`)
) ENGINE=INNODB AUTO_INCREMENT=2874 DEFAULT CHARSET=gbk;
/*!40101 SET character_set_client = @saved_cs_client */;

--
-- Dumping data for table `all_diamond_urls`
--

LOCK TABLES `all_diamond_urls` WRITE;
/*!40000 ALTER TABLE `all_diamond_urls` DISABLE KEYS */;
INSERT INTO `all_diamond_urls` VALUES (2693,'http://www.zbird.com/weddings/rdx71-2545109.html'),(2694,'http://www.zbird.com/weddings/rdr37-6707275.html'),(2695,'http://www.zbird.com/weddings/rdt53-6767081.html'),(2696,'http://www.zbird.com/weddings/rdq66-3226558.html'),(2697,'http://www.zbird.com/weddings/rdp80-4864243.html'),(2698,'http://www.zbird.com/weddings/rdq06-5083634.html'),(2699,'http://www.zbird.com/weddings/rdt28-5787835.html'),(2700,'http://www.zbird.com/weddings/rdq04-4751175.html'),(2701,'http://www.zbird.com/weddings/rdt95-6122964.html'),(2702,'http://www.zbird.com/weddings/rdq18-4565766.html'),(2703,'http://www.zbird.com/weddings/rds64-4481243.html'),(2704,'http://www.zbird.com/weddings/rds89-6666819.html'),(2705,'http://www.zbird.com/weddings/rdq62-2082511.html'),(2706,'http://www.zbird.com/weddings/rdu35-3282313.html'),(2707,'http://www.zbird.com/weddings/rdt64-6456071.html'),(2708,'http://www.zbird.com/weddings/rdt62-6456149.html'),(2709,'http://www.zbird.com/weddings/rdu15-3100598.html'),(2710,'http://www.zbird.com/weddings/rdu44-5088947.html'),(2711,'http://www.zbird.com/weddings/rds52-2542514.html'),(2712,'http://www.zbird.com/weddings/rdn67-4845032.html'),(2713,'http://www.zbird.com/weddings/rdu14-5399397.html'),(2714,'http://www.zbird.com/weddings/rdu25-3203690.html'),(2715,'http://www.zbird.com/weddings/rdu56-5122625.html'),(2716,'http://www.zbird.com/weddings/rdv18-6735383.html'),(2717,'http://www.zbird.com/weddings/rdx94-2539419.html'),(2718,'http://www.zbird.com/weddings/rdt87-6504423.html'),(2719,'http://www.zbird.com/weddings/rdr78-3092800.html'),(2720,'http://www.zbird.com/weddings/rdu20-3571747.html'),(2721,'http://www.zbird.com/weddings/rdu07-2932309.html'),(2722,'http://www.zbird.com/weddings/rds92-4815196.html'),(2723,'http://www.zbird.com/weddings/rdu45-4694956.html'),(2724,'http://www.zbird.com/weddings/rds49-2650750.html'),(2725,'http://www.zbird.com/weddings/rds57-2737776.html'),(2726,'http://www.zbird.com/weddings/rdp90-1860395.html'),(2727,'http://www.zbird.com/weddings/rdu57-5097995.html'),(2728,'http://www.zbird.com/weddings/rds27-2276868.html'),(2729,'http://www.zbird.com/weddings/rdu34-3732593.html'),(2730,'http://www.zbird.com/weddings/rdt35-5305990.html'),(2731,'http://www.zbird.com/weddings/rdq94-6200011.html'),(2732,'http://www.zbird.com/weddings/rdq68-2220693.html'),(2733,'http://www.zbird.com/weddings/rdt57-6811194.html'),(2734,'http://www.zbird.com/weddings/rdt55-6740868.html'),(2735,'http://www.zbird.com/weddings/rdu32-6370643.html'),(2736,'http://www.zbird.com/weddings/rds35-2364860.html'),(2737,'http://www.zbird.com/weddings/rdu23-6554168.html'),(2738,'http://www.zbird.com/weddings/rdr38-6317262.html'),(2739,'http://www.zbird.com/weddings/rdt12-6608888.html'),(2740,'http://www.zbird.com/weddings/rds75-6229246.html'),(2741,'http://www.zbird.com/weddings/rdt36-5306021.html'),(2742,'http://www.zbird.com/weddings/rds91-5533093.html'),(2743,'http://www.zbird.com/weddings/rdo36-5641917.html'),(2744,'http://www.zbird.com/weddings/rdo08-2739900.html'),(2745,'http://www.zbird.com/weddings/rdu88-5698018.html'),(2746,'http://www.zbird.com/weddings/rdo01-4833450.html'),(2747,'http://www.zbird.com/weddings/rdu36-3289403.html'),(2748,'http://www.zbird.com/weddings/rdt63-6456096.html'),(2749,'http://www.zbird.com/weddings/rdt21-6395707.html'),(2750,'http://www.zbird.com/weddings/rdu24-3118307.html'),(2751,'http://www.zbird.com/weddings/rds26-2420734.html'),(2752,'http://www.zbird.com/weddings/rdu26-3349061.html'),(2753,'http://www.zbird.com/weddings/rdv19-6638731.html'),(2754,'http://www.zbird.com/weddings/rds09-2312555.html'),(2755,'http://www.zbird.com/weddings/rdt14-5601284.html'),(2756,'http://www.zbird.com/weddings/rds30-4838581.html'),(2757,'http://www.zbird.com/weddings/rdt82-6324089.html'),(2758,'http://www.zbird.com/weddings/rdt46-6767021.html'),(2759,'http://www.zbird.com/weddings/rdq87-2478182.html'),(2760,'http://www.zbird.com/weddings/rdt20-6376705.html'),(2761,'http://www.zbird.com/weddings/rds54-6264637.html'),(2762,'http://www.zbird.com/weddings/rdu08-5053308.html'),(2763,'http://www.zbird.com/weddings/rdt03-5019031.html'),(2764,'http://www.zbird.com/weddings/rds88-4899413.html'),(2765,'http://www.zbird.com/weddings/rdu55-5069990.html'),(2766,'http://www.zbird.com/weddings/rdt50-6772465.html'),(2767,'http://www.zbird.com/weddings/rdt08-5359008.html'),(2768,'http://www.zbird.com/weddings/rdq73-6344798.html'),(2769,'http://www.zbird.com/weddings/rdx21-4862403.html'),(2770,'http://www.zbird.com/weddings/rds24-3210346.html'),(2771,'http://www.zbird.com/weddings/rdt15-6136751.html'),(2772,'http://www.zbird.com/weddings/rdr39-6707251.html'),(2773,'http://www.zbird.com/weddings/rdu33-3281667.html'),(2774,'http://www.zbird.com/weddings/rdt56-6527838.html'),(2775,'http://www.zbird.com/weddings/rdt51-6740872.html'),(2776,'http://www.zbird.com/weddings/rds86-4715362.html'),(2777,'http://www.zbird.com/weddings/rds90-5740646.html'),(2778,'http://www.zbird.com/weddings/rds29-5083640.html'),(2779,'http://www.zbird.com/weddings/rdt86-6557513.html'),(2780,'http://www.zbird.com/weddings/rdt37-6171943.html'),(2781,'http://www.zbird.com/weddings/rdo33-2036759.html'),(2782,'http://www.zbird.com/weddings/rds22-2293558.html'),(2783,'http://www.zbird.com/weddings/rds39-2344784.html'),(2784,'http://www.zbird.com/weddings/rdt47-6794172.html'),(2785,'http://www.zbird.com/weddings/rdt45-6724906.html'),(2786,'http://www.zbird.com/weddings/rds84-5288214.html'),(2787,'http://www.zbird.com/weddings/rds38-2290899.html'),(2788,'http://www.zbird.com/weddings/rds85-4715358.html'),(2789,'http://www.zbird.com/weddings/rdt58-5639612.html'),(2790,'http://www.zbird.com/weddings/rdr57-3122349.html'),(2791,'http://www.zbird.com/weddings/rdq64-2298169.html'),(2792,'http://www.zbird.com/weddings/rds50-4812180.html'),(2793,'http://www.zbird.com/weddings/rdq55-2572264.html'),(2794,'http://www.zbird.com/weddings/rds36-5188836.html'),(2795,'http://www.zbird.com/weddings/rdq89-2106016.html'),(2796,'http://www.zbird.com/weddings/rds34-2530361.html'),(2797,'http://www.zbird.com/weddings/rdt06-4886610.html'),(2798,'http://www.zbird.com/weddings/rdr45-3051410.html'),(2799,'http://www.zbird.com/weddings/rdt04-6735336.html'),(2800,'http://www.zbird.com/weddings/rdq93-5318861.html'),(2801,'http://www.zbird.com/weddings/rdu21-6782930.html'),(2802,'http://www.zbird.com/weddings/rdr18-4682785.html'),(2803,'http://www.zbird.com/weddings/rdp81-6651640.html'),(2804,'http://www.zbird.com/weddings/rdt68-6327394.html'),(2805,'http://www.zbird.com/weddings/rdq82-6228081.html'),(2806,'http://www.zbird.com/weddings/rdq75-6062119.html'),(2807,'http://www.zbird.com/weddings/rdq77-6527887.html'),(2808,'http://www.zbird.com/weddings/rdr66-6266741.html'),(2809,'http://www.zbird.com/weddings/rdp86-5602524.html'),(2810,'http://www.zbird.com/weddings/rdr36-6542695.html'),(2811,'http://www.zbird.com/weddings/rdq20-6253998.html'),(2812,'http://www.zbird.com/weddings/rdu62-6212202.html'),(2813,'http://www.zbird.com/weddings/rdr43-6430994.html'),(2814,'http://www.zbird.com/weddings/rdq23-1984571.html'),(2815,'http://www.zbird.com/weddings/rdt25-4698467.html'),(2816,'http://www.zbird.com/weddings/rdq10-6079451.html'),(2817,'http://www.zbird.com/weddings/rdq30-3017889.html'),(2818,'http://www.zbird.com/weddings/rdp32-6616525.html'),(2819,'http://www.zbird.com/weddings/rdt61-4698465.html'),(2820,'http://www.zbird.com/weddings/rdr17-2102289.html'),(2821,'http://www.zbird.com/weddings/rdr10-6200027.html'),(2822,'http://www.zbird.com/weddings/rdq12-2298127.html'),(2823,'http://www.zbird.com/weddings/rdt17-6546864.html'),(2824,'http://www.zbird.com/weddings/rdt70-4805482.html'),(2825,'http://www.zbird.com/weddings/rdp67-6721471.html'),(2826,'http://www.zbird.com/weddings/rdp82-6367164.html'),(2827,'http://www.zbird.com/weddings/rdt31-6740851.html'),(2828,'http://www.zbird.com/weddings/rdt69-4698466.html'),(2829,'http://www.zbird.com/weddings/rds37-6212344.html'),(2830,'http://www.zbird.com/weddings/rdp64-5898062.html'),(2831,'http://www.zbird.com/weddings/rdq78-5877723.html'),(2832,'http://www.zbird.com/weddings/rdt02-5797229.html'),(2833,'http://www.zbird.com/weddings/rdp83-2094996.html'),(2834,'http://www.zbird.com/weddings/rdq19-6079439.html'),(2835,'http://www.zbird.com/weddings/rdr06-6327805.html'),(2836,'http://www.zbird.com/weddings/rdr12-2222175.html'),(2837,'http://www.zbird.com/weddings/rdq86-2765543.html'),(2838,'http://www.zbird.com/weddings/rdt13-6491366.html'),(2839,'http://www.zbird.com/weddings/rdp63-6721472.html'),(2840,'http://www.zbird.com/weddings/rdl51-6200015.html'),(2841,'http://www.zbird.com/weddings/rdr11-2100855.html'),(2842,'http://www.zbird.com/weddings/rdt24-6673823.html'),(2843,'http://www.zbird.com/weddings/rdp33-2842866.html'),(2844,'http://www.zbird.com/weddings/rdr05-4682766.html'),(2845,'http://www.zbird.com/weddings/rdr04-5375553.html'),(2846,'http://www.zbird.com/weddings/rdt01-5988239.html'),(2847,'http://www.zbird.com/weddings/rdt66-4698469.html'),(2848,'http://www.zbird.com/weddings/rdq63-6440195.html'),(2849,'http://www.zbird.com/weddings/rdt96-6651550.html'),(2850,'http://www.zbird.com/weddings/rdq81-6765797.html'),(2851,'http://www.zbird.com/weddings/rdq08-6110019.html'),(2852,'http://www.zbird.com/weddings/rdt30-6724885.html'),(2853,'http://www.zbird.com/weddings/rdt48-6212316.html'),(2854,'http://www.zbird.com/weddings/rds70-2560045.html'),(2855,'http://www.zbird.com/weddings/rdt16-6740848.html'),(2856,'http://www.zbird.com/weddings/rdq11-5620602.html'),(2857,'http://www.zbird.com/weddings/rdp68-1901836.html'),(2858,'http://www.zbird.com/weddings/rd212-6549516.html'),(2859,'http://www.zbird.com/weddings/rdt75-6376748.html'),(2860,'http://www.zbird.com/weddings/rdr08-2100864.html'),(2861,'http://www.zbird.com/weddings/rdt67-4984810.html'),(2862,'http://www.zbird.com/weddings/rdt05-5597159.html'),(2863,'http://www.zbird.com/weddings/rdq14-2036328.html'),(2864,'http://www.zbird.com/weddings/rdt54-6770921.html'),(2865,'http://www.zbird.com/weddings/rdh39-2215590.html'),(2866,'http://www.zbird.com/weddings/rdq27-6314462.html'),(2867,'http://www.zbird.com/weddings/rdq28-6367163.html'),(2868,'http://www.zbird.com/weddings/rds51-3062989.html'),(2869,'http://www.zbird.com/weddings/rdp51-2213767.html'),(2870,'http://www.zbird.com/weddings/rdq07-2657299.html'),(2871,'http://www.zbird.com/weddings/rdq01-5360000.html'),(2872,'http://www.zbird.com/weddings/rdt65-6261648.html'),(2873,'http://www.zbird.com/weddings/rdq65-2102245.html');
/*!40000 ALTER TABLE `all_diamond_urls` ENABLE KEYS */;
UNLOCK TABLES;

--
-- Table structure for table `all_diamonds`
--

DROP TABLE IF EXISTS `all_diamonds`;
/*!40101 SET @saved_cs_client     = @@character_set_client */;
/*!40101 SET character_set_client = utf8 */;
CREATE TABLE `all_diamonds` (
  `id` INT(10) NOT NULL AUTO_INCREMENT,
  `good_name` VARCHAR(255) NOT NULL,
  `good_price` INT(10) NOT NULL,
  `sell_number` INT(10) NOT NULL,
  `comment_number` INT(10) NOT NULL,
  `belong_name` VARCHAR(255) NOT NULL,
  `material` VARCHAR(255) NOT NULL,
  `good_size` VARCHAR(255) NOT NULL,
  `main_diamond` VARCHAR(255) DEFAULT '',
  `assitant_diamond` VARCHAR(255) DEFAULT '',
  `send_date` VARCHAR(255) DEFAULT NULL,
  `good_exists` VARCHAR(255) DEFAULT NULL,
  `detail_img` MEDIUMTEXT NOT NULL,
  `type_name` VARCHAR(255) DEFAULT NULL,
  `good_img` MEDIUMTEXT NOT NULL,
  PRIMARY KEY (`id`)
) ENGINE=INNODB AUTO_INCREMENT=1120 DEFAULT CHARSET=utf8;
/*!40101 SET character_set_client = @saved_cs_client */;

--
-- Dumping data for table `all_diamonds`
--

LOCK TABLES `all_diamonds` WRITE;
/*!40000 ALTER TABLE `all_diamonds` DISABLE KEYS */;
INSERT INTO `all_diamonds` VALUES (948,'三生三世',9920,350,51,'18K金钻石戒指','白18K金','13.0号','主钻1颗0.30克拉','辅钻2颗0.04克拉','2019-05-29','加入购物车','[\'http://imp.zbird.cn/337/87/33787_1?53\', \'http://imu.zbird.cn/337/88/33788_1?969\', \'http://imp.zbird.cn/337/89/33789_1?805\', \'http://imu.zbird.cn/337/90/33790_1?671\', \'http://imp.zbird.cn/337/91/33791_1?853\', \'http://imu.zbird.cn/337/92/33792_1?996\', \'http://imp.zbird.cn/337/93/33793_1?71\']','钻戒','[\"http://imu.zbird.cn/233/00/23300_399!big.jpg\",\"http://imu.zbird.cn/233/00/23300_388!big.jpg\",\"http://imu.zbird.cn/233/00/23300_377!big.jpg\",\"http://imu.zbird.cn/233/00/23300_312\",\"http://imu.zbird.cn/233/00/23300_313\",\"http://imu.zbird.cn/233/00/23300_314\",\"http://imu.zbird.cn/233/00/23300_316\",\"http://imu.zbird.cn/233/00/23300_317\"]'),(949,'北极光火焰女王Ⅱ',16300,348,116,'18K金钻石戒指','白18K金','12.0号','主钻1颗0.33克拉','','2019-05-29','加入购物车','[\'http://imp.zbird.cn/381/25/38125_1?149\', \'http://imu.zbird.cn/381/26/38126_1?476\', \'http://imp.zbird.cn/381/27/38127_1?464\', \'http://imu.zbird.cn/381/28/38128_1?655\', \'http://imp.zbird.cn/381/29/38129_1?179\', \'http://imu.zbird.cn/381/30/38130_1?300\', \'http://imp.zbird.cn/381/31/38131_1?288\', \'http://imu.zbird.cn/381/32/38132_1?301\']','钻戒','[\"http://imp.zbird.cn/326/61/32661_399!big.jpg\",\"http://imp.zbird.cn/326/61/32661_388!big.jpg\",\"http://imp.zbird.cn/326/61/32661_377!big.jpg\",\"http://imp.zbird.cn/326/61/32661_312\",\"http://imp.zbird.cn/326/61/32661_313\",\"http://imp.zbird.cn/326/61/32661_314\",\"http://imp.zbird.cn/326/61/32661_316\",\"http://imp.zbird.cn/326/61/32661_317\"]'),(950,'光莹',20300,364,43,'铂900钻石戒指','铂900','13.0号','主钻1颗0.60克拉','','2019-05-29','加入购物车','[\'http://imp.zbird.cn/336/63/33663_1?406\', \'http://imu.zbird.cn/336/64/33664_1?877\', \'http://imp.zbird.cn/336/65/33665_1?122\', \'http://imu.zbird.cn/336/66/33666_1?817\', \'http://imp.zbird.cn/336/67/33667_1?439\', \'http://imu.zbird.cn/336/68/33668_1?699\', \'http://imp.zbird.cn/336/69/33669_1?944\', \'http://imu.zbird.cn/336/70/33670_1?597\']','钻戒','[\"http://imp.zbird.cn/224/93/22493_399!big.jpg\",\"http://imp.zbird.cn/224/93/22493_388!big.jpg\",\"http://imp.zbird.cn/224/93/22493_377!big.jpg\",\"http://imp.zbird.cn/224/93/22493_312\",\"http://imp.zbird.cn/224/93/22493_313\",\"http://imp.zbird.cn/224/93/22493_314\",\"http://imp.zbird.cn/224/93/22493_316\",\"http://imp.zbird.cn/224/93/22493_317\"]'),(952,'爱的礼物',5399,396,70,'18K金钻石戒指','白18K金','12.0号','主钻1颗0.14克拉','辅钻19颗0.21克拉','2019-05-29','加入购物车','[\'http://imu.zbird.cn/351/14/35114_1?353\', \'http://imp.zbird.cn/351/15/35115_1?279\', \'http://imu.zbird.cn/351/16/35116_1?329\', \'http://imp.zbird.cn/351/17/35117_1?442\', \'http://imu.zbird.cn/351/18/35118_1?569\', \'http://imp.zbird.cn/351/19/35119_1?421\', \'http://imu.zbird.cn/351/20/35120_1?949\']','钻戒','[\"http://imp.zbird.cn/160/15/16015_399!big.jpg\",\"http://imp.zbird.cn/160/15/16015_388!big.jpg\",\"http://imp.zbird.cn/160/15/16015_377!big.jpg\",\"http://imp.zbird.cn/160/15/16015_312\",\"http://imp.zbird.cn/160/15/16015_313\",\"http://imp.zbird.cn/160/15/16015_314\",\"http://imp.zbird.cn/160/15/16015_316\",\"http://imp.zbird.cn/160/15/16015_317\"]'),(953,'巴黎之恋',17900,408,79,'18K金钻石戒指','白18K金','12.0号','主钻1颗0.50克拉','辅钻62颗0.19克拉','2019-05-29','加入购物车','[\'http://imp.zbird.cn/338/27/33827_1?72\', \'http://imu.zbird.cn/338/28/33828_1?566\', \'http://imp.zbird.cn/338/29/33829_1?556\', \'http://imu.zbird.cn/338/30/33830_1?936\', \'http://imp.zbird.cn/338/31/33831_1?377\', \'http://imu.zbird.cn/338/32/33832_1?75\', \'http://imp.zbird.cn/338/33/33833_1?974\']','钻戒','[\"http://imp.zbird.cn/233/07/23307_399!big.jpg\",\"http://imp.zbird.cn/233/07/23307_388!big.jpg\",\"http://imp.zbird.cn/233/07/23307_377!big.jpg\",\"http://imp.zbird.cn/233/07/23307_312\",\"http://imp.zbird.cn/233/07/23307_313\",\"http://imp.zbird.cn/233/07/23307_314\",\"http://imp.zbird.cn/233/07/23307_316\",\"http://imp.zbird.cn/233/07/23307_317\"]'),(954,'爱之韵',10700,368,43,'18K金钻石戒指','白18K金','13.0号','主钻1颗0.32克拉','辅钻16颗0.05克拉','2019-05-29','加入购物车','[\'http://imu.zbird.cn/518/84/51884_1?956\', \'http://imu.zbird.cn/518/86/51886_1?873\', \'http://imp.zbird.cn/518/87/51887_1?854\', \'http://imu.zbird.cn/518/88/51888_1?200\', \'http://imp.zbird.cn/518/89/51889_1?903\', \'http://imu.zbird.cn/518/90/51890_1?993\', \'http://imp.zbird.cn/518/91/51891_1?728\', \'http://imu.zbird.cn/518/92/51892_1?672\']','钻戒','[\"http://imp.zbird.cn/233/21/23321_399!big.jpg\",\"http://imp.zbird.cn/233/21/23321_388!big.jpg\",\"http://imp.zbird.cn/233/21/23321_377!big.jpg\",\"http://imp.zbird.cn/233/21/23321_312\",\"http://imp.zbird.cn/233/21/23321_313\",\"http://imp.zbird.cn/233/21/23321_314\",\"http://imp.zbird.cn/233/21/23321_316\",\"http://imp.zbird.cn/233/21/23321_317\"]'),(956,'典爱',12520,5246,166,'18K金钻石戒指','白18K金','12.0号','主钻1颗0.42克拉','','2019-05-29','加入购物车','[\'http://imu.zbird.cn/337/08/33708_1?291\', \'http://imp.zbird.cn/337/09/33709_1?649\', \'http://imu.zbird.cn/337/10/33710_1?607\', \'http://imp.zbird.cn/337/11/33711_1?895\', \'http://imu.zbird.cn/337/12/33712_1?52\', \'http://imp.zbird.cn/337/13/33713_1?155\', \'http://imu.zbird.cn/337/14/33714_1?127\']','钻戒','[\"http://imu.zbird.cn/228/08/22808_399!big.jpg\",\"http://imu.zbird.cn/228/08/22808_388!big.jpg\",\"http://imu.zbird.cn/228/08/22808_377!big.jpg\",\"http://imu.zbird.cn/228/08/22808_312\",\"http://imu.zbird.cn/228/08/22808_313\",\"http://imu.zbird.cn/228/08/22808_314\",\"http://imu.zbird.cn/228/08/22808_316\",\"http://imu.zbird.cn/228/08/22808_317\"]'),(957,'爱的季节',9400,3863,141,'18K金钻石戒指','白18K金','10.0号','主钻1颗0.40克拉','','2019-05-29','加入购物车','[\'http://imu.zbird.cn/386/36/38636_1?154\', \'http://imp.zbird.cn/386/37/38637_1?586\', \'http://imp.zbird.cn/386/39/38639_1?568\', \'http://imu.zbird.cn/386/40/38640_1?581\', \'http://imp.zbird.cn/386/41/38641_1?999\', \'http://imu.zbird.cn/386/42/38642_1?122\', \'http://imp.zbird.cn/386/43/38643_1?936\']','钻戒','[\"http://imp.zbird.cn/253/45/25345_399!big.jpg\",\"http://imp.zbird.cn/253/45/25345_388!big.jpg\",\"http://imp.zbird.cn/253/45/25345_377!big.jpg\",\"http://imp.zbird.cn/253/45/25345_312\",\"http://imp.zbird.cn/253/45/25345_313\",\"http://imp.zbird.cn/253/45/25345_314\",\"http://imp.zbird.cn/253/45/25345_316\",\"http://imp.zbird.cn/253/45/25345_317\"]'),(958,'动心Ⅱ',10860,4066,347,'18K金钻石戒指','白18K金','14.0号','主钻1颗0.34克拉','辅钻16颗0.04克拉','2019-05-29','加入购物车','[\'http://imp.zbird.cn/338/85/33885_1?752\', \'http://imu.zbird.cn/338/86/33886_1?897\', \'http://imp.zbird.cn/338/87/33887_1?370\', \'http://imu.zbird.cn/338/88/33888_1?420\', \'http://imp.zbird.cn/338/89/33889_1?705\', \'http://imu.zbird.cn/338/90/33890_1?22\', \'http://imp.zbird.cn/338/91/33891_1?840\']','钻戒','[\"http://imu.zbird.cn/314/80/31480_399!big.jpg\",\"http://imu.zbird.cn/314/80/31480_388!big.jpg\",\"http://imu.zbird.cn/314/80/31480_377!big.jpg\",\"http://imu.zbird.cn/314/80/31480_312\",\"http://imu.zbird.cn/314/80/31480_313\",\"http://imu.zbird.cn/314/80/31480_314\",\"http://imu.zbird.cn/314/80/31480_316\",\"http://imu.zbird.cn/314/80/31480_317\"]'),(959,'北极光月光女王Ⅱ',13050,3344,662,'18K金钻石戒指','白18K金','12.0号','主钻1颗0.34克拉','','2019-05-29','加入购物车','[\'http://imp.zbird.cn/381/47/38147_1?59\', \'http://imu.zbird.cn/381/48/38148_1?76\', \'http://imp.zbird.cn/381/49/38149_1?688\', \'http://imu.zbird.cn/381/50/38150_1?327\', \'http://imp.zbird.cn/381/51/38151_1?531\', \'http://imu.zbird.cn/381/52/38152_1?494\', \'http://imp.zbird.cn/381/53/38153_1?687\', \'http://imu.zbird.cn/381/54/38154_1?921\']','钻戒','[\"http://imp.zbird.cn/323/73/32373_399!big.jpg\",\"http://imp.zbird.cn/323/73/32373_388!big.jpg\",\"http://imp.zbird.cn/323/73/32373_377!big.jpg\",\"http://imp.zbird.cn/323/73/32373_312\",\"http://imp.zbird.cn/323/73/32373_313\",\"http://imp.zbird.cn/323/73/32373_314\",\"http://imp.zbird.cn/323/73/32373_316\",\"http://imp.zbird.cn/323/73/32373_317\"]'),(960,'永恒之约Ⅱ',10030,12965,830,'18K金钻石戒指','白18K金','12.0号','主钻1颗0.33克拉','','2019-05-29','加入购物车','[\'http://imp.zbird.cn/359/61/35961_1?518\', \'http://imu.zbird.cn/359/62/35962_1?509\', \'http://imp.zbird.cn/359/63/35963_1?890\', \'http://imu.zbird.cn/359/64/35964_1?335\', \'http://imp.zbird.cn/359/65/35965_1?214\', \'http://imp.zbird.cn/359/67/35967_1?807\']','钻戒','[\"http://imu.zbird.cn/332/08/33208_399!big.jpg\",\"http://imu.zbird.cn/332/08/33208_388!big.jpg\",\"http://imu.zbird.cn/332/08/33208_377!big.jpg\",\"http://imu.zbird.cn/332/08/33208_312\",\"http://imu.zbird.cn/332/08/33208_313\",\"http://imu.zbird.cn/332/08/33208_314\",\"http://imu.zbird.cn/332/08/33208_316\",\"http://imu.zbird.cn/332/08/33208_317\"]'),(962,'柔媚Ⅱ',11160,426,35,'18K金钻石戒指','白18K金','11.0号','主钻1颗0.30克拉','辅钻38颗0.09克拉','2019-05-29','加入购物车','[\'http://imu.zbird.cn/351/62/35162_1?661\', \'http://imp.zbird.cn/351/63/35163_1?175\', \'http://imu.zbird.cn/351/64/35164_1?63\', \'http://imp.zbird.cn/351/65/35165_1?587\', \'http://imu.zbird.cn/351/66/35166_1?363\', \'http://imp.zbird.cn/351/67/35167_1?451\', \'http://imu.zbird.cn/351/68/35168_1?540\', \'http://imp.zbird.cn/351/69/35169_1?471\']','钻戒','[\"http://imu.zbird.cn/332/38/33238_399!big.jpg\",\"http://imu.zbird.cn/332/38/33238_388!big.jpg\",\"http://imu.zbird.cn/332/38/33238_377!big.jpg\",\"http://imu.zbird.cn/332/38/33238_312\",\"http://imu.zbird.cn/332/38/33238_313\",\"http://imu.zbird.cn/332/38/33238_314\",\"http://imu.zbird.cn/332/38/33238_316\",\"http://imu.zbird.cn/332/38/33238_317\"]'),(964,'花冠(女戒)',1899,4681,140,'18K金钻石戒指','白18K金','11.0号','主钻11颗0.10克拉','','2019-05-29','加入购物车','[\'http://imu.zbird.cn/377/98/37798_1?698\', \'http://imp.zbird.cn/377/99/37799_1?223\', \'http://imu.zbird.cn/378/00/37800_1?105\', \'http://imp.zbird.cn/378/01/37801_1?312\', \'http://imu.zbird.cn/378/02/37802_1?139\', \'http://imp.zbird.cn/378/03/37803_1?875\', \'http://imu.zbird.cn/378/04/37804_1?331\']','钻戒','[\"http://imu.zbird.cn/573/8/5738_399!big.jpg\",\"http://imu.zbird.cn/573/8/5738_388!big.jpg\",\"http://imu.zbird.cn/573/8/5738_377!big.jpg\",\"http://imu.zbird.cn/573/8/5738_312\",\"http://imu.zbird.cn/573/8/5738_313\",\"http://imu.zbird.cn/573/8/5738_314\",\"http://imu.zbird.cn/573/8/5738_316\",\"http://imu.zbird.cn/573/8/5738_317\"]'),(965,'Energy能量',17400,1826,467,'18K金钻石戒指','白18K金','13.0号','主钻1颗0.41克拉','辅钻40颗0.12克拉','2019-05-29','加入购物车','[\'http://imu.zbird.cn/345/92/34592_1?885\', \'http://imp.zbird.cn/345/93/34593_1?470\', \'http://imu.zbird.cn/345/94/34594_1?803\', \'http://imp.zbird.cn/345/95/34595_1?348\', \'http://imu.zbird.cn/345/96/34596_1?510\', \'http://imp.zbird.cn/345/97/34597_1?835\', \'http://imu.zbird.cn/345/98/34598_1?694\', \'http://imp.zbird.cn/345/99/34599_1?267\']','钻戒','[\"http://imp.zbird.cn/249/73/24973_399!big.jpg\",\"http://imp.zbird.cn/249/73/24973_388!big.jpg\",\"http://imp.zbird.cn/249/73/24973_377!big.jpg\",\"http://imp.zbird.cn/249/73/24973_312\",\"http://imp.zbird.cn/249/73/24973_313\",\"http://imp.zbird.cn/249/73/24973_314\",\"http://imp.zbird.cn/249/73/24973_316\",\"http://imp.zbird.cn/249/73/24973_317\"]'),(966,'拥暖Ⅱ',10650,10030,595,'18K金钻石戒指','白18K金','12.0号','主钻1颗0.31克拉','辅钻8颗0.07克拉','2019-05-29','加入购物车','[\'http://imp.zbird.cn/448/11/44811_1?889\', \'http://imu.zbird.cn/448/12/44812_1?368\', \'http://imp.zbird.cn/448/13/44813_1?954\', \'http://imu.zbird.cn/448/14/44814_1?957\', \'http://imu.zbird.cn/448/16/44816_1?634\', \'http://imp.zbird.cn/448/17/44817_1?501\', \'http://imu.zbird.cn/448/18/44818_1?506\']','钻戒','[\"http://imp.zbird.cn/314/81/31481_399!big.jpg\",\"http://imp.zbird.cn/314/81/31481_388!big.jpg\",\"http://imp.zbird.cn/314/81/31481_377!big.jpg\",\"http://imp.zbird.cn/314/81/31481_312\",\"http://imp.zbird.cn/314/81/31481_313\",\"http://imp.zbird.cn/314/81/31481_314\",\"http://imp.zbird.cn/314/81/31481_316\",\"http://imp.zbird.cn/314/81/31481_317\"]'),(967,'享悦Ⅱ',10410,4928,513,'18K金钻石戒指','白18K金','12.0号','主钻1颗0.30克拉','辅钻14颗0.05克拉','2019-05-29','加入购物车','[\'http://imp.zbird.cn/359/39/35939_1?380\', \'http://imu.zbird.cn/359/40/35940_1?630\', \'http://imp.zbird.cn/359/41/35941_1?352\', \'http://imu.zbird.cn/359/42/35942_1?276\', \'http://imp.zbird.cn/359/43/35943_1?984\', \'http://imu.zbird.cn/359/44/35944_1?552\', \'http://imp.zbird.cn/359/45/35945_1?331\']','钻戒','[\"http://imp.zbird.cn/323/31/32331_399!big.jpg\",\"http://imp.zbird.cn/323/31/32331_388!big.jpg\",\"http://imp.zbird.cn/323/31/32331_377!big.jpg\",\"http://imp.zbird.cn/323/31/32331_312\",\"http://imp.zbird.cn/323/31/32331_313\",\"http://imp.zbird.cn/323/31/32331_314\",\"http://imp.zbird.cn/323/31/32331_316\",\"http://imp.zbird.cn/323/31/32331_317\"]'),(968,'倾心',4800,7070,252,'18K金钻石戒指','白18K金','14.0号','主钻1颗0.18克拉','','2019-05-29','加入购物车','[\'http://imp.zbird.cn/411/13/41113_1?931\', \'http://imu.zbird.cn/411/14/41114_1?731\', \'http://imp.zbird.cn/411/15/41115_1?954\', \'http://imu.zbird.cn/411/16/41116_1?311\', \'http://imp.zbird.cn/411/17/41117_1?826\', \'http://imu.zbird.cn/411/18/41118_1?10\', \'http://imp.zbird.cn/411/19/41119_1?88\', \'http://imu.zbird.cn/411/20/41120_1?645\', \'http://imp.zbird.cn/411/21/41121_1?761\']','钻戒','[\"http://imp.zbird.cn/233/01/23301_399!big.jpg\",\"http://imp.zbird.cn/233/01/23301_388!big.jpg\",\"http://imp.zbird.cn/233/01/23301_377!big.jpg\",\"http://imp.zbird.cn/233/01/23301_312\",\"http://imp.zbird.cn/233/01/23301_313\",\"http://imp.zbird.cn/233/01/23301_314\",\"http://imp.zbird.cn/233/01/23301_316\",\"http://imp.zbird.cn/233/01/23301_317\"]'),(969,'五彩流年',6200,1045,93,'18K金钻石戒指','白18K金','11.0号','主钻1颗0.19克拉','辅钻32颗0.09克拉','2019-05-29','加入购物车','[\'http://imp.zbird.cn/395/67/39567_1?448\', \'http://imu.zbird.cn/395/68/39568_1?929\', \'http://imp.zbird.cn/395/69/39569_1?838\', \'http://imu.zbird.cn/395/70/39570_1?454\', \'http://imp.zbird.cn/395/71/39571_1?780\', \'http://imu.zbird.cn/395/72/39572_1?92\', \'http://imp.zbird.cn/395/73/39573_1?787\']','钻戒','[\"http://imp.zbird.cn/243/09/24309_399!big.jpg\",\"http://imp.zbird.cn/243/09/24309_388!big.jpg\",\"http://imp.zbird.cn/243/09/24309_377!big.jpg\",\"http://imp.zbird.cn/243/09/24309_312\",\"http://imp.zbird.cn/243/09/24309_313\",\"http://imp.zbird.cn/243/09/24309_314\",\"http://imp.zbird.cn/243/09/24309_316\",\"http://imp.zbird.cn/243/09/24309_317\"]'),(973,'北极光率真女神Ⅱ',15900,1031,100,'18K金钻石戒指','白18K金','12.0号','主钻1颗0.32克拉','辅钻14颗0.07克拉','2019-05-29','加入购物车','[\'http://imu.zbird.cn/381/68/38168_1?917\', \'http://imp.zbird.cn/381/69/38169_1?27\', \'http://imu.zbird.cn/381/70/38170_1?255\', \'http://imp.zbird.cn/381/71/38171_1?250\', \'http://imu.zbird.cn/381/72/38172_1?700\', \'http://imp.zbird.cn/381/73/38173_1?255\', \'http://imu.zbird.cn/381/74/38174_1?483\']','钻戒','[\"http://imu.zbird.cn/326/62/32662_399!big.jpg\",\"http://imu.zbird.cn/326/62/32662_388!big.jpg\",\"http://imu.zbird.cn/326/62/32662_377!big.jpg\",\"http://imu.zbird.cn/326/62/32662_312\",\"http://imu.zbird.cn/326/62/32662_313\",\"http://imu.zbird.cn/326/62/32662_314\",\"http://imu.zbird.cn/326/62/32662_316\",\"http://imu.zbird.cn/326/62/32662_317\"]'),(974,'恋爱纪Ⅱ',10710,1186,139,'18K金钻石戒指','白18K金','13.0号','主钻1颗0.30克拉','','2019-05-29','加入购物车','[\'http://imu.zbird.cn/395/74/39574_1?404\', \'http://imp.zbird.cn/395/75/39575_1?926\', \'http://imu.zbird.cn/395/76/39576_1?580\', \'http://imp.zbird.cn/395/77/39577_1?547\', \'http://imu.zbird.cn/395/78/39578_1?609\', \'http://imp.zbird.cn/395/79/39579_1?191\', \'http://imu.zbird.cn/395/80/39580_1?414\']','钻戒','[\"http://imu.zbird.cn/323/36/32336_399!big.jpg\",\"http://imu.zbird.cn/323/36/32336_388!big.jpg\",\"http://imu.zbird.cn/323/36/32336_377!big.jpg\",\"http://imu.zbird.cn/323/36/32336_312\",\"http://imu.zbird.cn/323/36/32336_313\",\"http://imu.zbird.cn/323/36/32336_316\",\"http://imu.zbird.cn/323/36/32336_317\"]'),(975,'玫瑰情缘',9500,1315,44,'18K金钻石戒指','白18K金','10.0号','主钻1颗0.40克拉','','2019-05-29','加入购物车','[\'http://imp.zbird.cn/347/83/34783_1?470\', \'http://imu.zbird.cn/347/84/34784_1?710\', \'http://imp.zbird.cn/347/85/34785_1?153\', \'http://imu.zbird.cn/347/86/34786_1?480\', \'http://imp.zbird.cn/347/87/34787_1?708\', \'http://imu.zbird.cn/347/88/34788_1?302\', \'http://imp.zbird.cn/347/89/34789_1?801\', \'http://imu.zbird.cn/347/90/34790_1?633\']','钻戒','[\"http://imu.zbird.cn/253/46/25346_399!big.jpg\",\"http://imu.zbird.cn/253/46/25346_388!big.jpg\",\"http://imu.zbird.cn/253/46/25346_377!big.jpg\",\"http://imu.zbird.cn/253/46/25346_312\",\"http://imu.zbird.cn/253/46/25346_313\",\"http://imu.zbird.cn/253/46/25346_314\",\"http://imu.zbird.cn/253/46/25346_316\",\"http://imu.zbird.cn/253/46/25346_317\"]'),(977,'掌心',31950,699,88,'铂900钻石戒指','铂900','13.0号','主钻1颗0.61克拉','辅钻16颗0.07克拉','2019-05-29','加入购物车','[\'http://imp.zbird.cn/350/91/35091_1?599\', \'http://imu.zbird.cn/350/92/35092_1?543\', \'http://imp.zbird.cn/350/93/35093_1?329\', \'http://imu.zbird.cn/350/94/35094_1?487\', \'http://imp.zbird.cn/350/95/35095_1?973\', \'http://imu.zbird.cn/350/96/35096_1?374\', \'http://imp.zbird.cn/350/97/35097_1?749\', \'http://imu.zbird.cn/350/98/35098_1?497\']','钻戒','[\"http://imu.zbird.cn/253/78/25378_399!big.jpg\",\"http://imu.zbird.cn/253/78/25378_388!big.jpg\",\"http://imu.zbird.cn/253/78/25378_377!big.jpg\",\"http://imu.zbird.cn/253/78/25378_312\",\"http://imu.zbird.cn/253/78/25378_313\",\"http://imu.zbird.cn/253/78/25378_314\",\"http://imu.zbird.cn/253/78/25378_316\",\"http://imu.zbird.cn/253/78/25378_317\"]'),(980,'甄心',9360,1520,38,'18K金钻石戒指','白18K金','12.0号','主钻1颗0.30克拉','','2019-05-29','加入购物车','[\'http://imp.zbird.cn/336/87/33687_1?237\', \'http://imu.zbird.cn/336/88/33688_1?593\', \'http://imp.zbird.cn/336/89/33689_1?98\', \'http://imu.zbird.cn/336/90/33690_1?157\', \'http://imp.zbird.cn/336/91/33691_1?66\', \'http://imu.zbird.cn/336/92/33692_1?873\', \'http://imp.zbird.cn/336/93/33693_1?363\']','钻戒','[\"http://imu.zbird.cn/228/04/22804_399!big.jpg\",\"http://imu.zbird.cn/228/04/22804_388!big.jpg\",\"http://imu.zbird.cn/228/04/22804_377!big.jpg\",\"http://imu.zbird.cn/228/04/22804_312\",\"http://imu.zbird.cn/228/04/22804_313\",\"http://imu.zbird.cn/228/04/22804_314\",\"http://imu.zbird.cn/228/04/22804_316\",\"http://imu.zbird.cn/228/04/22804_317\"]'),(981,'北极光森林女王Ⅱ',16200,1049,197,'18K金钻石戒指','白18K金','11.0号','主钻1颗0.32克拉','辅钻16颗0.03克拉','2019-05-29','加入购物车','[\'http://imu.zbird.cn/381/40/38140_1?890\', \'http://imp.zbird.cn/381/41/38141_1?521\', \'http://imu.zbird.cn/381/42/38142_1?966\', \'http://imp.zbird.cn/381/43/38143_1?330\', \'http://imu.zbird.cn/381/44/38144_1?944\', \'http://imp.zbird.cn/381/45/38145_1?273\', \'http://imu.zbird.cn/381/46/38146_1?67\']','钻戒','[\"http://imu.zbird.cn/323/72/32372_399!big.jpg\",\"http://imu.zbird.cn/323/72/32372_388!big.jpg\",\"http://imu.zbird.cn/323/72/32372_377!big.jpg\",\"http://imu.zbird.cn/323/72/32372_312\",\"http://imu.zbird.cn/323/72/32372_313\",\"http://imu.zbird.cn/323/72/32372_314\",\"http://imu.zbird.cn/323/72/32372_316\",\"http://imu.zbird.cn/323/72/32372_317\"]'),(983,'甄爱',10780,816,40,'18K金钻石戒指','白18K金','10.0号','主钻1颗0.31克拉','辅钻12颗0.05克拉','2019-05-29','加入购物车','[\'http://imu.zbird.cn/336/94/33694_1?410\', \'http://imp.zbird.cn/336/95/33695_1?991\', \'http://imu.zbird.cn/336/96/33696_1?987\', \'http://imp.zbird.cn/336/97/33697_1?542\', \'http://imu.zbird.cn/336/98/33698_1?629\', \'http://imp.zbird.cn/336/99/33699_1?429\', \'http://imu.zbird.cn/337/00/33700_1?404\']','钻戒','[\"http://imp.zbird.cn/228/05/22805_399!big.jpg\",\"http://imp.zbird.cn/228/05/22805_388!big.jpg\",\"http://imp.zbird.cn/228/05/22805_377!big.jpg\",\"http://imp.zbird.cn/228/05/22805_312\",\"http://imp.zbird.cn/228/05/22805_313\",\"http://imp.zbird.cn/228/05/22805_314\",\"http://imp.zbird.cn/228/05/22805_316\",\"http://imp.zbird.cn/228/05/22805_317\"]'),(985,'炫动',10030,5419,231,'18K金钻石戒指','白18K金','13.0号','主钻1颗0.31克拉','','2019-05-29','加入购物车','[\'http://imu.zbird.cn/359/04/35904_1?392\', \'http://imu.zbird.cn/359/06/35906_1?929\', \'http://imp.zbird.cn/359/07/35907_1?429\', \'http://imu.zbird.cn/359/08/35908_1?16\', \'http://imp.zbird.cn/359/09/35909_1?310\', \'http://imu.zbird.cn/359/10/35910_1?874\']','钻戒','[\"http://imu.zbird.cn/233/04/23304_399!big.jpg\",\"http://imu.zbird.cn/233/04/23304_388!big.jpg\",\"http://imu.zbird.cn/233/04/23304_377!big.jpg\",\"http://imu.zbird.cn/233/04/23304_312\",\"http://imu.zbird.cn/233/04/23304_313\",\"http://imu.zbird.cn/233/04/23304_314\",\"http://imu.zbird.cn/233/04/23304_316\",\"http://imu.zbird.cn/233/04/23304_317\"]'),(987,'雪舞',5199,831,93,'18K金钻石戒指','白18K金','11.0号','主钻1颗0.19克拉','辅钻12颗0.21克拉','2019-05-29','加入购物车','[\'http://imu.zbird.cn/416/98/41698_1?642\', \'http://imp.zbird.cn/416/99/41699_1?103\', \'http://imu.zbird.cn/417/00/41700_1?27\', \'http://imp.zbird.cn/417/01/41701_1?143\', \'http://imu.zbird.cn/417/02/41702_1?498\', \'http://imp.zbird.cn/417/03/41703_1?316\', \'http://imu.zbird.cn/417/04/41704_1?377\', \'http://imp.zbird.cn/417/05/41705_1?474\']','钻戒','[\"http://imu.zbird.cn/274/72/27472_399!big.jpg\",\"http://imu.zbird.cn/274/72/27472_388!big.jpg\",\"http://imu.zbird.cn/274/72/27472_377!big.jpg\",\"http://imu.zbird.cn/274/72/27472_312\",\"http://imu.zbird.cn/274/72/27472_313\",\"http://imu.zbird.cn/274/72/27472_314\",\"http://imu.zbird.cn/274/72/27472_316\",\"http://imu.zbird.cn/274/72/27472_317\"]'),(990,'心涟',10160,1612,154,'18K金钻石戒指','白18K金','13.0号','主钻1颗0.30克拉','辅钻20颗0.11克拉','2019-05-29','加入购物车','[\'http://imu.zbird.cn/338/02/33802_1?508\', \'http://imp.zbird.cn/338/03/33803_1?454\', \'http://imu.zbird.cn/338/04/33804_1?587\', \'http://imp.zbird.cn/338/05/33805_1?684\', \'http://imu.zbird.cn/338/06/33806_1?558\', \'http://imp.zbird.cn/338/07/33807_1?75\', \'http://imu.zbird.cn/338/08/33808_1?893\', \'http://imp.zbird.cn/338/09/33809_1?377\', \'http://imu.zbird.cn/338/10/33810_1?949\']','钻戒','[\"http://imp.zbird.cn/233/05/23305_399!big.jpg\",\"http://imp.zbird.cn/233/05/23305_388!big.jpg\",\"http://imp.zbird.cn/233/05/23305_377!big.jpg\",\"http://imp.zbird.cn/233/05/23305_312\",\"http://imp.zbird.cn/233/05/23305_313\",\"http://imp.zbird.cn/233/05/23305_314\",\"http://imp.zbird.cn/233/05/23305_316\",\"http://imp.zbird.cn/233/05/23305_317\"]'),(994,'恋人絮语Ⅱ',11310,1592,131,'18K金钻石戒指','白18K金','12.0号','主钻1颗0.30克拉','辅钻12颗0.12克拉','2019-05-29','加入购物车','[\'http://imp.zbird.cn/394/33/39433_1?632\', \'http://imu.zbird.cn/394/34/39434_1?581\', \'http://imp.zbird.cn/394/35/39435_1?760\', \'http://imu.zbird.cn/394/36/39436_1?197\', \'http://imp.zbird.cn/394/37/39437_1?746\', \'http://imu.zbird.cn/394/38/39438_1?747\', \'http://imp.zbird.cn/394/39/39439_1?739\']','钻戒','[\"http://imp.zbird.cn/323/33/32333_399!big.jpg\",\"http://imp.zbird.cn/323/33/32333_388!big.jpg\",\"http://imp.zbird.cn/323/33/32333_377!big.jpg\",\"http://imp.zbird.cn/323/33/32333_312\",\"http://imp.zbird.cn/323/33/32333_313\",\"http://imp.zbird.cn/323/33/32333_314\",\"http://imp.zbird.cn/323/33/32333_316\",\"http://imp.zbird.cn/323/33/32333_317\"]'),(995,'芳心',11290,2128,56,'铂900钻石戒指','铂900','12.0号','主钻1颗0.32克拉','','2019-05-29','加入购物车','[\'http://imp.zbird.cn/351/01/35101_1?105\', \'http://imu.zbird.cn/351/02/35102_1?921\', \'http://imp.zbird.cn/351/03/35103_1?44\', \'http://imu.zbird.cn/351/04/35104_1?821\', \'http://imp.zbird.cn/351/05/35105_1?428\', \'http://imu.zbird.cn/351/06/35106_1?59\', \'http://imp.zbird.cn/351/07/35107_1?71\', \'http://imu.zbird.cn/351/08/35108_1?6\']','钻戒','[\"http://imp.zbird.cn/233/23/23323_399!big.jpg\",\"http://imp.zbird.cn/233/23/23323_388!big.jpg\",\"http://imp.zbird.cn/233/23/23323_377!big.jpg\",\"http://imp.zbird.cn/233/23/23323_312\",\"http://imp.zbird.cn/233/23/23323_313\",\"http://imp.zbird.cn/233/23/23323_314\",\"http://imp.zbird.cn/233/23/23323_316\",\"http://imp.zbird.cn/233/23/23323_317\"]'),(996,'比翼双飞',10110,349,26,'18K金钻石戒指','白18K金','13.0号','主钻1颗0.31克拉','辅钻14颗0.04克拉','2019-05-29','加入购物车','[\'http://imu.zbird.cn/338/78/33878_1?785\', \'http://imp.zbird.cn/338/79/33879_1?985\', \'http://imu.zbird.cn/338/80/33880_1?543\', \'http://imp.zbird.cn/338/81/33881_1?18\', \'http://imu.zbird.cn/338/82/33882_1?564\', \'http://imp.zbird.cn/338/83/33883_1?722\', \'http://imu.zbird.cn/338/84/33884_1?216\']','钻戒','[\"http://imu.zbird.cn/232/94/23294_377!big.jpg\",\"http://imu.zbird.cn/232/94/23294_312\",\"http://imu.zbird.cn/232/94/23294_313\",\"http://imu.zbird.cn/232/94/23294_314\",\"http://imu.zbird.cn/232/94/23294_316\",\"http://imu.zbird.cn/232/94/23294_317\"]'),(997,'心之舞',4900,2230,52,'18K金钻石戒指','白18K金','9.0号','主钻1颗0.18克拉','','2019-05-29','加入购物车','[\'http://imp.zbird.cn/338/19/33819_1?741\', \'http://imu.zbird.cn/338/20/33820_1?263\', \'http://imp.zbird.cn/338/21/33821_1?19\', \'http://imu.zbird.cn/338/22/33822_1?649\', \'http://imp.zbird.cn/338/23/33823_1?522\', \'http://imu.zbird.cn/338/24/33824_1?131\', \'http://imp.zbird.cn/338/25/33825_1?209\', \'http://imu.zbird.cn/338/26/33826_1?28\']','钻戒','[\"http://imp.zbird.cn/233/03/23303_399!big.jpg\",\"http://imp.zbird.cn/233/03/23303_388!big.jpg\",\"http://imp.zbird.cn/233/03/23303_377!big.jpg\",\"http://imp.zbird.cn/233/03/23303_312\",\"http://imp.zbird.cn/233/03/23303_313\",\"http://imp.zbird.cn/233/03/23303_314\",\"http://imp.zbird.cn/233/03/23303_316\",\"http://imp.zbird.cn/233/03/23303_317\"]'),(999,'圣枝(护戒)',2200,404,0,'18K金钻石戒指','白18K金','13.0号','主钻1颗0.04克拉','辅钻6颗0.05克拉','2019-05-29','加入购物车','[\'http://imu.zbird.cn/495/70/49570_1?543\', \'http://imp.zbird.cn/495/71/49571_1?208\', \'http://imu.zbird.cn/495/72/49572_1?344\', \'http://imp.zbird.cn/495/73/49573_1?562\', \'http://imu.zbird.cn/495/74/49574_1?279\']','钻戒','[\"http://imu.zbird.cn/395/84/39584_399!big.jpg\",\"http://imu.zbird.cn/395/84/39584_388!big.jpg\",\"http://imu.zbird.cn/395/84/39584_377!big.jpg\",\"http://imu.zbird.cn/395/84/39584_312\",\"http://imu.zbird.cn/395/84/39584_313\",\"http://imu.zbird.cn/395/84/39584_314\",\"http://imu.zbird.cn/395/84/39584_316\",\"http://imu.zbird.cn/395/84/39584_317\"]'),(1001,'星光闪耀Ⅰ',4199,472,24,'18K金钻石戒指','白18K金','11.0号','主钻1颗0.19克拉','','2019-05-29','加入购物车','[\'http://imu.zbird.cn/359/76/35976_1?8\', \'http://imp.zbird.cn/359/77/35977_1?117\', \'http://imu.zbird.cn/359/78/35978_1?990\', \'http://imp.zbird.cn/359/79/35979_1?756\', \'http://imu.zbird.cn/359/80/35980_1?445\', \'http://imp.zbird.cn/359/81/35981_1?240\']','钻戒','[\"http://imp.zbird.cn/331/55/33155_399!big.jpg\",\"http://imp.zbird.cn/331/55/33155_388!big.jpg\",\"http://imp.zbird.cn/331/55/33155_377!big.jpg\",\"http://imp.zbird.cn/331/55/33155_312\",\"http://imp.zbird.cn/331/55/33155_313\",\"http://imp.zbird.cn/331/55/33155_314\",\"http://imp.zbird.cn/331/55/33155_316\",\"http://imp.zbird.cn/331/55/33155_317\"]'),(1003,'永恒之恋',10490,474,43,'18K金钻石戒指','白18K金','12.0号','主钻1颗0.30克拉','辅钻12颗0.04克拉','2019-05-29','加入购物车','[\'http://imu.zbird.cn/347/66/34766_1?211\', \'http://imp.zbird.cn/347/67/34767_1?386\', \'http://imu.zbird.cn/347/68/34768_1?361\', \'http://imp.zbird.cn/347/69/34769_1?902\', \'http://imu.zbird.cn/347/70/34770_1?360\', \'http://imp.zbird.cn/347/71/34771_1?653\', \'http://imu.zbird.cn/347/72/34772_1?336\']','钻戒','[\"http://imp.zbird.cn/233/13/23313_388!big.jpg\",\"http://imp.zbird.cn/233/13/23313_377!big.jpg\",\"http://imp.zbird.cn/233/13/23313_312\",\"http://imp.zbird.cn/233/13/23313_313\",\"http://imp.zbird.cn/233/13/23313_314\",\"http://imp.zbird.cn/233/13/23313_316\",\"http://imp.zbird.cn/233/13/23313_317\"]'),(1007,'Passion热情',22400,576,201,'18K金钻石戒指','白18K金','12.0号','主钻1颗0.56克拉','辅钻50颗0.15克拉','2019-05-29','加入购物车','[\'http://imp.zbird.cn/351/37/35137_1?350\', \'http://imu.zbird.cn/351/38/35138_1?730\', \'http://imp.zbird.cn/351/39/35139_1?43\', \'http://imu.zbird.cn/351/40/35140_1?332\', \'http://imp.zbird.cn/351/41/35141_1?11\', \'http://imu.zbird.cn/351/42/35142_1?767\', \'http://imp.zbird.cn/351/43/35143_1?817\', \'http://imp.zbird.cn/352/71/35271_1?745\', \'http://imu.zbird.cn/352/72/35272_1?896\']','钻戒','[\"http://imp.zbird.cn/249/71/24971_399!big.jpg\",\"http://imp.zbird.cn/249/71/24971_388!big.jpg\",\"http://imp.zbird.cn/249/71/24971_377!big.jpg\",\"http://imp.zbird.cn/249/71/24971_312\",\"http://imp.zbird.cn/249/71/24971_313\",\"http://imp.zbird.cn/249/71/24971_316\",\"http://imp.zbird.cn/249/71/24971_317\"]'),(1008,'北极光百花女王Ⅱ',15800,646,111,'18K金钻石戒指','白18K金','13.0号','主钻1颗0.33克拉','辅钻18颗0.04克拉','2019-05-29','加入购物车','[\'http://imp.zbird.cn/381/55/38155_1?308\', \'http://imu.zbird.cn/381/56/38156_1?542\', \'http://imp.zbird.cn/381/57/38157_1?531\', \'http://imu.zbird.cn/381/58/38158_1?731\', \'http://imp.zbird.cn/381/59/38159_1?33\', \'http://imu.zbird.cn/381/60/38160_1?452\', \'http://imp.zbird.cn/381/61/38161_1?841\']','钻戒','[\"http://imu.zbird.cn/326/60/32660_399!big.jpg\",\"http://imu.zbird.cn/326/60/32660_388!big.jpg\",\"http://imu.zbird.cn/326/60/32660_377!big.jpg\",\"http://imu.zbird.cn/326/60/32660_312\",\"http://imu.zbird.cn/326/60/32660_313\",\"http://imu.zbird.cn/326/60/32660_314\",\"http://imu.zbird.cn/326/60/32660_316\",\"http://imu.zbird.cn/326/60/32660_317\"]'),(1010,'芳芮',5700,590,54,'18K金钻石戒指','白18K金','14.0号','主钻1颗0.18克拉','辅钻16颗0.04克拉','2019-05-29','加入购物车','[\'http://imu.zbird.cn/338/42/33842_1?613\', \'http://imp.zbird.cn/338/43/33843_1?336\', \'http://imu.zbird.cn/338/44/33844_1?224\', \'http://imp.zbird.cn/338/45/33845_1?958\', \'http://imu.zbird.cn/338/46/33846_1?418\', \'http://imp.zbird.cn/338/47/33847_1?677\', \'http://imu.zbird.cn/338/48/33848_1?116\', \'http://imp.zbird.cn/338/49/33849_1?692\']','钻戒','[\"http://imp.zbird.cn/249/57/24957_399!big.jpg\",\"http://imp.zbird.cn/249/57/24957_388!big.jpg\",\"http://imp.zbird.cn/249/57/24957_377!big.jpg\",\"http://imp.zbird.cn/249/57/24957_312\",\"http://imp.zbird.cn/249/57/24957_313\",\"http://imp.zbird.cn/249/57/24957_314\",\"http://imp.zbird.cn/249/57/24957_316\",\"http://imp.zbird.cn/249/57/24957_317\"]'),(1015,'铭记',93650,100,1,'铂900钻石戒指','铂900','12.0号','主钻1颗1.06克拉','辅钻14颗0.09克拉','2019-05-29','加入购物车','[\'http://imp.zbird.cn/353/39/35339_1?511\', \'http://imu.zbird.cn/353/40/35340_1?403\', \'http://imp.zbird.cn/353/41/35341_1?122\', \'http://imu.zbird.cn/353/42/35342_1?240\', \'http://imp.zbird.cn/353/43/35343_1?491\', \'http://imu.zbird.cn/353/44/35344_1?574\', \'http://imp.zbird.cn/353/45/35345_1?709\', \'http://imu.zbird.cn/353/46/35346_1?489\', \'http://imp.zbird.cn/353/47/35347_1?387\', \'http://imu.zbird.cn/353/48/35348_1?321\']','钻戒','[\"http://imp.zbird.cn/352/79/35279_399!big.jpg\",\"http://imp.zbird.cn/352/79/35279_388!big.jpg\",\"http://imp.zbird.cn/352/79/35279_377!big.jpg\",\"http://imp.zbird.cn/352/79/35279_312\",\"http://imp.zbird.cn/352/79/35279_313\",\"http://imp.zbird.cn/352/79/35279_314\",\"http://imp.zbird.cn/352/79/35279_316\",\"http://imp.zbird.cn/352/79/35279_317\"]'),(1018,'结网(排钻戒)',2700,111,23,'18K金钻石戒指','白18K金','13.0号','主钻18颗0.09克拉','','2019-05-29','加入购物车','[\'http://imu.zbird.cn/416/58/41658_1?762\', \'http://imp.zbird.cn/416/59/41659_1?853\', \'http://imu.zbird.cn/416/60/41660_1?860\', \'http://imp.zbird.cn/416/61/41661_1?482\', \'http://imu.zbird.cn/416/62/41662_1?236\', \'http://imp.zbird.cn/416/63/41663_1?33\', \'http://imu.zbird.cn/416/64/41664_1?462\', \'http://imp.zbird.cn/416/65/41665_1?45\', \'http://imu.zbird.cn/416/66/41666_1?729\', \'http://imp.zbird.cn/416/67/41667_1?975\']','钻戒','[\"http://imp.zbird.cn/274/75/27475_399!big.jpg\",\"http://imp.zbird.cn/274/75/27475_388!big.jpg\",\"http://imp.zbird.cn/274/75/27475_377!big.jpg\",\"http://imp.zbird.cn/274/75/27475_312\",\"http://imp.zbird.cn/274/75/27475_313\",\"http://imp.zbird.cn/274/75/27475_314\",\"http://imp.zbird.cn/274/75/27475_316\",\"http://imp.zbird.cn/274/75/27475_317\"]'),(1020,'缘来爱',9550,1560,67,'18K金钻石戒指','白18K金','12.0号','主钻1颗0.30克拉','','2019-05-29','加入购物车','[\'http://imp.zbird.cn/337/01/33701_1?104\', \'http://imu.zbird.cn/337/02/33702_1?758\', \'http://imp.zbird.cn/337/03/33703_1?973\', \'http://imu.zbird.cn/337/04/33704_1?766\', \'http://imp.zbird.cn/337/05/33705_1?58\', \'http://imu.zbird.cn/337/06/33706_1?2\', \'http://imp.zbird.cn/337/07/33707_1?317\']','钻戒','[\"http://imp.zbird.cn/228/07/22807_399!big.jpg\",\"http://imp.zbird.cn/228/07/22807_388!big.jpg\",\"http://imp.zbird.cn/228/07/22807_377!big.jpg\",\"http://imp.zbird.cn/228/07/22807_312\",\"http://imp.zbird.cn/228/07/22807_313\",\"http://imp.zbird.cn/228/07/22807_314\",\"http://imp.zbird.cn/228/07/22807_316\",\"http://imp.zbird.cn/228/07/22807_317\"]'),(1023,'护佑',16550,34,0,'铂900钻石戒指','铂900','10.0号','主钻1颗0.32克拉','辅钻38颗0.20克拉','2019-05-29','加入购物车','[\'http://imu.zbird.cn/495/96/49596_1?291\', \'http://imp.zbird.cn/495/97/49597_1?629\', \'http://imu.zbird.cn/495/98/49598_1?255\', \'http://imp.zbird.cn/495/99/49599_1?553\', \'http://imu.zbird.cn/496/00/49600_1?467\', \'http://imp.zbird.cn/496/01/49601_1?448\', \'http://imu.zbird.cn/496/02/49602_1?99\']','钻戒','[\"http://imp.zbird.cn/418/91/41891_399!big.jpg\",\"http://imp.zbird.cn/418/91/41891_388!big.jpg\",\"http://imp.zbird.cn/418/91/41891_377!big.jpg\",\"http://imp.zbird.cn/418/91/41891_312\",\"http://imp.zbird.cn/418/91/41891_313\",\"http://imp.zbird.cn/418/91/41891_316\",\"http://imp.zbird.cn/418/91/41891_317\"]'),(1028,'光轮（女戒）',32400,38,0,'18K金钻石戒指','白18K金','10.0号','主钻1颗0.53克拉','辅钻12颗0.15克拉','2019-05-29','加入购物车','[\'http://imp.zbird.cn/607/43/60743_1?518\', \'http://imu.zbird.cn/607/44/60744_1?156\', \'http://imp.zbird.cn/607/45/60745_1?339\', \'http://imu.zbird.cn/607/46/60746_1?257\', \'http://imp.zbird.cn/607/47/60747_1?754\', \'http://imu.zbird.cn/607/48/60748_1?254\', \'http://imp.zbird.cn/607/49/60749_1?810\', \'http://imu.zbird.cn/607/50/60750_1?661\']','钻戒','[\"http://imu.zbird.cn/532/30/53230_399!big.jpg\",\"http://imu.zbird.cn/532/30/53230_388!big.jpg\",\"http://imu.zbird.cn/532/30/53230_377!big.jpg\"]'),(1033,'追随',17900,46,1,'18K金钻石戒指','白18K金','12.0号','主钻1颗0.43克拉','辅钻11颗0.07克拉','2019-05-29','加入购物车','[\'http://imu.zbird.cn/556/66/55666_1?844\', \'http://imp.zbird.cn/556/67/55667_1?577\', \'http://imu.zbird.cn/556/68/55668_1?630\', \'http://imp.zbird.cn/556/69/55669_1?307\', \'http://imu.zbird.cn/556/70/55670_1?242\', \'http://imp.zbird.cn/556/71/55671_1?80\', \'http://imu.zbird.cn/556/72/55672_1?995\', \'http://imp.zbird.cn/556/73/55673_1?560\']','钻戒','[\"http://imp.zbird.cn/524/23/52423_399!big.jpg\",\"http://imp.zbird.cn/524/23/52423_388!big.jpg\",\"http://imp.zbird.cn/524/23/52423_377!big.jpg\"]'),(1036,'梦幻花园',10410,739,35,'18K金钻石戒指','白18K金','12.0号','主钻1颗0.32克拉','','2019-05-29','加入购物车','[\'http://imp.zbird.cn/386/27/38627_1?925\', \'http://imu.zbird.cn/386/28/38628_1?877\', \'http://imp.zbird.cn/386/29/38629_1?309\', \'http://imu.zbird.cn/386/30/38630_1?450\', \'http://imu.zbird.cn/386/32/38632_1?210\', \'http://imp.zbird.cn/386/33/38633_1?208\', \'http://imu.zbird.cn/386/34/38634_1?888\', \'http://imp.zbird.cn/386/35/38635_1?829\']','钻戒','[\"http://imu.zbird.cn/253/74/25374_399!big.jpg\",\"http://imu.zbird.cn/253/74/25374_388!big.jpg\",\"http://imu.zbird.cn/253/74/25374_377!big.jpg\",\"http://imu.zbird.cn/253/74/25374_312\",\"http://imu.zbird.cn/253/74/25374_313\",\"http://imu.zbird.cn/253/74/25374_314\",\"http://imu.zbird.cn/253/74/25374_316\",\"http://imu.zbird.cn/253/74/25374_317\"]'),(1037,'荣冠',16700,69,0,'18K金钻石戒指','白18K金','12.0号','主钻1颗0.40克拉','辅钻19颗0.12克拉','2019-05-29','加入购物车','[\'http://imu.zbird.cn/495/42/49542_1?965\', \'http://imp.zbird.cn/495/43/49543_1?127\', \'http://imu.zbird.cn/495/44/49544_1?602\', \'http://imp.zbird.cn/495/45/49545_1?740\', \'http://imp.zbird.cn/495/47/49547_1?110\', \'http://imu.zbird.cn/495/48/49548_1?593\', \'http://imp.zbird.cn/495/49/49549_1?337\']','钻戒','[\"http://imp.zbird.cn/395/81/39581_399!big.jpg\",\"http://imp.zbird.cn/395/81/39581_388!big.jpg\",\"http://imp.zbird.cn/395/81/39581_377!big.jpg\",\"http://imp.zbird.cn/395/81/39581_312\",\"http://imp.zbird.cn/395/81/39581_313\",\"http://imp.zbird.cn/395/81/39581_314\",\"http://imp.zbird.cn/395/81/39581_316\",\"http://imp.zbird.cn/395/81/39581_317\"]'),(1041,'华冠(护戒)',2600,71,0,'18K金钻石戒指','白18K金','12.0号','主钻9颗0.05克拉','辅钻11颗0.03克拉','2019-05-29','加入购物车','[\'http://imu.zbird.cn/495/82/49582_1?454\', \'http://imp.zbird.cn/495/83/49583_1?312\', \'http://imu.zbird.cn/495/84/49584_1?639\', \'http://imu.zbird.cn/495/86/49586_1?704\', \'http://imp.zbird.cn/495/87/49587_1?24\']','钻戒','[\"http://imp.zbird.cn/401/59/40159_399!big.jpg\",\"http://imp.zbird.cn/401/59/40159_388!big.jpg\",\"http://imp.zbird.cn/401/59/40159_377!big.jpg\",\"http://imp.zbird.cn/401/59/40159_312\",\"http://imp.zbird.cn/401/59/40159_313\",\"http://imp.zbird.cn/401/59/40159_314\",\"http://imp.zbird.cn/401/59/40159_316\",\"http://imp.zbird.cn/401/59/40159_317\"]'),(1043,'巴黎恋歌',15800,81,2,'铂900钻石戒指','铂900','12.0号','主钻1颗0.53克拉','','2019-05-29','加入购物车','[\'http://imp.zbird.cn/349/15/34915_1?258\', \'http://imu.zbird.cn/349/16/34916_1?972\', \'http://imp.zbird.cn/349/17/34917_1?255\', \'http://imu.zbird.cn/349/18/34918_1?266\']','钻戒','[\"http://imu.zbird.cn/180/14/18014_399!big.jpg\",\"http://imu.zbird.cn/180/14/18014_388!big.jpg\",\"http://imu.zbird.cn/180/14/18014_377!big.jpg\"]'),(1045,'垂纱',10150,44,0,'18K金钻石戒指','白18K金','12.0号','主钻1颗0.31克拉','辅钻8颗0.03克拉','2019-05-29','加入购物车','[\'http://imu.zbird.cn/416/88/41688_1?753\', \'http://imp.zbird.cn/416/89/41689_1?785\', \'http://imu.zbird.cn/416/90/41690_1?944\', \'http://imp.zbird.cn/416/91/41691_1?533\', \'http://imu.zbird.cn/416/92/41692_1?219\', \'http://imp.zbird.cn/416/93/41693_1?749\', \'http://imu.zbird.cn/416/94/41694_1?570\', \'http://imp.zbird.cn/416/95/41695_1?860\', \'http://imu.zbird.cn/416/96/41696_1?235\', \'http://imp.zbird.cn/416/97/41697_1?43\']','钻戒','[\"http://imu.zbird.cn/389/08/38908_399!big.jpg\",\"http://imu.zbird.cn/389/08/38908_388!big.jpg\",\"http://imu.zbird.cn/389/08/38908_377!big.jpg\",\"http://imu.zbird.cn/389/08/38908_312\",\"http://imu.zbird.cn/389/08/38908_313\",\"http://imu.zbird.cn/389/08/38908_314\",\"http://imu.zbird.cn/389/08/38908_316\",\"http://imu.zbird.cn/389/08/38908_317\"]'),(1047,'珍冠',14300,87,1,'18K金钻石戒指','白18K金','13.0号','主钻1颗0.34克拉','辅钻6颗0.13克拉','2019-05-29','加入购物车','[\'http://imp.zbird.cn/495/35/49535_1?882\', \'http://imu.zbird.cn/495/36/49536_1?634\', \'http://imp.zbird.cn/495/37/49537_1?708\', \'http://imu.zbird.cn/495/38/49538_1?786\', \'http://imp.zbird.cn/495/39/49539_1?29\', \'http://imu.zbird.cn/495/40/49540_1?306\', \'http://imp.zbird.cn/495/41/49541_1?910\']','钻戒','[\"http://imu.zbird.cn/404/32/40432_399!big.jpg\",\"http://imu.zbird.cn/404/32/40432_388!big.jpg\",\"http://imu.zbird.cn/404/32/40432_377!big.jpg\",\"http://imu.zbird.cn/404/32/40432_312\",\"http://imu.zbird.cn/404/32/40432_313\",\"http://imu.zbird.cn/404/32/40432_314\",\"http://imu.zbird.cn/404/32/40432_316\",\"http://imu.zbird.cn/404/32/40432_317\"]'),(1048,'旋爱',2900,49,0,'18K金钻石戒指','白18K金','10.0号','主钻1颗0.10克拉','辅钻14颗0.02克拉','2019-05-29','加入购物车','[\'http://imu.zbird.cn/379/54/37954_1?213\', \'http://imp.zbird.cn/379/55/37955_1?913\', \'http://imu.zbird.cn/379/56/37956_1?938\', \'http://imp.zbird.cn/379/57/37957_1?739\', \'http://imu.zbird.cn/379/58/37958_1?846\', \'http://imp.zbird.cn/379/59/37959_1?512\', \'http://imu.zbird.cn/379/60/37960_1?425\']','钻戒','[\"http://imu.zbird.cn/357/06/35706_399!big.jpg\",\"http://imu.zbird.cn/357/06/35706_388!big.jpg\",\"http://imu.zbird.cn/357/06/35706_377!big.jpg\",\"http://imu.zbird.cn/357/06/35706_312\",\"http://imu.zbird.cn/357/06/35706_313\",\"http://imu.zbird.cn/357/06/35706_314\",\"http://imu.zbird.cn/357/06/35706_316\",\"http://imu.zbird.cn/357/06/35706_317\"]'),(1049,'北极光亲善女神',15190,73,0,'铂900钻石戒指','铂900','12.0号','主钻1颗0.34克拉','辅钻18颗0.08克拉','2019-05-29','加入购物车','[\'http://imu.zbird.cn/444/04/44404_1?314\', \'http://imp.zbird.cn/444/05/44405_1?961\', \'http://imu.zbird.cn/444/06/44406_1?74\', \'http://imp.zbird.cn/444/07/44407_1?332\', \'http://imu.zbird.cn/444/08/44408_1?496\', \'http://imp.zbird.cn/444/09/44409_1?391\']','钻戒','[\"http://imp.zbird.cn/410/65/41065_399!big.jpg\",\"http://imp.zbird.cn/410/65/41065_388!big.jpg\",\"http://imp.zbird.cn/410/65/41065_377!big.jpg\",\"http://imp.zbird.cn/410/65/41065_312\",\"http://imp.zbird.cn/410/65/41065_313\",\"http://imp.zbird.cn/410/65/41065_314\",\"http://imp.zbird.cn/410/65/41065_316\",\"http://imp.zbird.cn/410/65/41065_317\"]'),(1054,'BRAVE无畏',28000,51,1,'铂900钻石戒指','铂900','11.0号','主钻1颗0.52克拉','辅钻4颗0.14克拉','2019-05-29','加入购物车','[\'http://imu.zbird.cn/346/32/34632_1?750\', \'http://imp.zbird.cn/346/33/34633_1?440\', \'http://imu.zbird.cn/346/34/34634_1?364\', \'http://imp.zbird.cn/346/35/34635_1?600\', \'http://imu.zbird.cn/346/36/34636_1?3\', \'http://imp.zbird.cn/346/37/34637_1?865\', \'http://imu.zbird.cn/346/38/34638_1?329\', \'http://imp.zbird.cn/346/39/34639_1?857\']','钻戒','[\"http://imu.zbird.cn/334/66/33466_399!big.jpg\",\"http://imu.zbird.cn/334/66/33466_388!big.jpg\",\"http://imu.zbird.cn/334/66/33466_377!big.jpg\"]'),(1056,'绽彩',23860,57,0,'18K金钻石戒指','白18K金','12.0号','主钻1颗0.42克拉','辅钻16颗0.11克拉','2019-05-29','加入购物车','[\'http://imp.zbird.cn/607/51/60751_1?663\', \'http://imu.zbird.cn/607/52/60752_1?823\', \'http://imp.zbird.cn/607/53/60753_1?895\', \'http://imu.zbird.cn/607/54/60754_1?215\', \'http://imp.zbird.cn/607/55/60755_1?205\', \'http://imu.zbird.cn/607/56/60756_1?673\', \'http://imp.zbird.cn/607/57/60757_1?56\', \'http://imu.zbird.cn/607/58/60758_1?897\']','钻戒','[\"http://imp.zbird.cn/532/31/53231_399!big.jpg\",\"http://imp.zbird.cn/532/31/53231_388!big.jpg\",\"http://imp.zbird.cn/532/31/53231_377!big.jpg\"]'),(1058,'盟誓',11660,64,0,'铂900钻石戒指','铂900','11.0号','主钻1颗0.30克拉','辅钻12颗0.04克拉','2019-05-29','加入购物车','[\'http://imu.zbird.cn/443/88/44388_1?271\', \'http://imp.zbird.cn/443/89/44389_1?500\', \'http://imu.zbird.cn/443/90/44390_1?5\', \'http://imp.zbird.cn/443/91/44391_1?8\', \'http://imu.zbird.cn/443/92/44392_1?79\', \'http://imp.zbird.cn/443/93/44393_1?13\', \'http://imu.zbird.cn/443/94/44394_1?914\', \'http://imp.zbird.cn/443/95/44395_1?138\', \'http://imu.zbird.cn/443/96/44396_1?910\']','钻戒','[\"http://imu.zbird.cn/399/90/39990_399!big.jpg\",\"http://imu.zbird.cn/399/90/39990_388!big.jpg\",\"http://imu.zbird.cn/399/90/39990_377!big.jpg\",\"http://imu.zbird.cn/399/90/39990_312\",\"http://imu.zbird.cn/399/90/39990_313\",\"http://imu.zbird.cn/399/90/39990_314\",\"http://imu.zbird.cn/399/90/39990_316\",\"http://imu.zbird.cn/399/90/39990_317\"]'),(1060,'流年(红宝石纪念款)',41720,86,1,'18K金钻石戒指','白18K金','13.0号','主钻1颗0.70克拉','辅钻24颗0.05克拉','2019-05-29','加入购物车','[\'http://imp.zbird.cn/353/61/35361_1?246\', \'http://imu.zbird.cn/353/62/35362_1?802\', \'http://imp.zbird.cn/353/63/35363_1?579\', \'http://imu.zbird.cn/353/64/35364_1?451\', \'http://imp.zbird.cn/353/65/35365_1?640\', \'http://imu.zbird.cn/353/66/35366_1?216\', \'http://imp.zbird.cn/353/67/35367_1?479\', \'http://imu.zbird.cn/353/68/35368_1?43\', \'http://imp.zbird.cn/353/69/35369_1?331\', \'http://imu.zbird.cn/353/70/35370_1?834\', \'http://imp.zbird.cn/353/71/35371_1?360\']','钻戒','[\"http://imp.zbird.cn/352/81/35281_399!big.jpg\",\"http://imp.zbird.cn/352/81/35281_388!big.jpg\",\"http://imp.zbird.cn/352/81/35281_377!big.jpg\",\"http://imp.zbird.cn/352/81/35281_312\",\"http://imp.zbird.cn/352/81/35281_313\",\"http://imp.zbird.cn/352/81/35281_314\",\"http://imp.zbird.cn/352/81/35281_316\",\"http://imp.zbird.cn/352/81/35281_317\"]'),(1061,'IntoColour悦色系列薄荷珐琅钻石戒指',6150,12,0,'18K金钻石戒指','白18K金','12.0号','主钻1颗0.19克拉','辅钻12颗0.06克拉','2019-05-29','加入购物车','[\'http://imu.zbird.cn/597/12/59712_1?872\', \'http://imp.zbird.cn/597/13/59713_1?549\', \'http://imu.zbird.cn/597/14/59714_1?324\', \'http://imu.zbird.cn/597/16/59716_1?789\', \'http://imp.zbird.cn/597/17/59717_1?813\', \'http://imu.zbird.cn/597/18/59718_1?453\', \'http://imp.zbird.cn/597/19/59719_1?392\', \'http://imu.zbird.cn/597/20/59720_1?178\', \'http://imp.zbird.cn/597/21/59721_1?333\']','钻戒','[\"http://imp.zbird.cn/590/13/59013_399!big.jpg\",\"http://imp.zbird.cn/590/13/59013_388!big.jpg\",\"http://imp.zbird.cn/590/13/59013_377!big.jpg\",\"http://imp.zbird.cn/590/13/59013_312\",\"http://imp.zbird.cn/590/13/59013_313\",\"http://imp.zbird.cn/590/13/59013_314\",\"http://imp.zbird.cn/590/13/59013_316\",\"http://imp.zbird.cn/590/13/59013_317\"]'),(1062,'悠长假期',5300,12,0,'18K金钻石戒指','黄18K金','10.0号','主钻1颗0.23克拉','辅钻3颗0.01克拉','2019-05-29','加入购物车','[]','钻戒','[\"http://imp.zbird.cn/328/47/32847_299!big.jpg\",\"http://imp.zbird.cn/328/47/32847_288!big.jpg\",\"http://imp.zbird.cn/328/47/32847_277!big.jpg\",\"http://imp.zbird.cn/328/47/32847_212\",\"http://imp.zbird.cn/328/47/32847_213\",\"http://imp.zbird.cn/328/47/32847_214\",\"http://imp.zbird.cn/328/47/32847_216\",\"http://imp.zbird.cn/328/47/32847_217\",\"http://imp.zbird.cn/328/47/32847_399!big.jpg\",\"http://imp.zbird.cn/328/47/32847_388!big.jpg\",\"http://imp.zbird.cn/328/47/32847_377!big.jpg\",\"http://imp.zbird.cn/328/47/32847_312\",\"http://imp.zbird.cn/328/47/32847_313\",\"http://imp.zbird.cn/328/47/32847_314\",\"http://imp.zbird.cn/328/47/32847_316\",\"http://imp.zbird.cn/328/47/32847_317\"]'),(1063,'沁心',27100,15,0,'铂900钻石戒指','铂900','13.0号','主钻1颗0.76克拉','','2019-05-29','加入购物车','[]','钻戒','[\"http://imp.zbird.cn/270/05/27005_399!big.jpg\",\"http://imp.zbird.cn/270/05/27005_388!big.jpg\",\"http://imp.zbird.cn/270/05/27005_377!big.jpg\",\"http://imp.zbird.cn/270/05/27005_312\",\"http://imp.zbird.cn/270/05/27005_313\",\"http://imp.zbird.cn/270/05/27005_314\",\"http://imp.zbird.cn/270/05/27005_316\",\"http://imp.zbird.cn/270/05/27005_317\"]'),(1064,'梦回廊桥',29100,17,1,'18K金钻石戒指','白18K金','12.0号','主钻1颗0.70克拉','辅钻6颗0.06克拉','2019-05-29','加入购物车','[]','钻戒','[\"http://imp.zbird.cn/327/89/32789_399!big.jpg\",\"http://imp.zbird.cn/327/89/32789_388!big.jpg\",\"http://imp.zbird.cn/327/89/32789_377!big.jpg\",\"http://imp.zbird.cn/327/89/32789_312\",\"http://imp.zbird.cn/327/89/32789_313\",\"http://imp.zbird.cn/327/89/32789_314\",\"http://imp.zbird.cn/327/89/32789_316\",\"http://imp.zbird.cn/327/89/32789_317\"]'),(1065,'厮守1',26300,18,0,'铂900钻石戒指','铂900','13.0号','主钻1颗0.50克拉','辅钻78颗0.27克拉','2019-05-29','加入购物车','[\'http://imp.zbird.cn/556/47/55647_1?302\', \'http://imu.zbird.cn/556/48/55648_1?311\', \'http://imp.zbird.cn/556/49/55649_1?489\', \'http://imu.zbird.cn/556/50/55650_1?482\', \'http://imp.zbird.cn/556/51/55651_1?789\', \'http://imp.zbird.cn/556/53/55653_1?663\', \'http://imu.zbird.cn/556/54/55654_1?222\', \'http://imp.zbird.cn/556/55/55655_1?785\']','钻戒','[\"http://imu.zbird.cn/547/42/54742_399!big.jpg\",\"http://imu.zbird.cn/547/42/54742_388!big.jpg\",\"http://imu.zbird.cn/547/42/54742_377!big.jpg\",\"http://imu.zbird.cn/547/42/54742_312\",\"http://imu.zbird.cn/547/42/54742_313\",\"http://imu.zbird.cn/547/42/54742_314\",\"http://imu.zbird.cn/547/42/54742_316\",\"http://imu.zbird.cn/547/42/54742_317\"]'),(1066,'梦幻之城',76900,21,0,'铂900钻石戒指','铂900','13.0号','主钻1颗1.00克拉','辅钻28颗0.12克拉','2019-05-29','加入购物车','[]','钻戒','[\"http://imu.zbird.cn/212/78/21278_399!big.jpg\",\"http://imu.zbird.cn/212/78/21278_388!big.jpg\",\"http://imu.zbird.cn/212/78/21278_377!big.jpg\"]'),(1067,'生生不息',29100,19,1,'18K金钻石戒指','白18K金','13.0号','主钻1颗0.70克拉','辅钻28颗0.13克拉','2019-05-29','加入购物车','[]','钻戒','[\"http://imp.zbird.cn/331/65/33165_399!big.jpg\",\"http://imp.zbird.cn/331/65/33165_388!big.jpg\",\"http://imp.zbird.cn/331/65/33165_377!big.jpg\",\"http://imp.zbird.cn/331/65/33165_312\",\"http://imp.zbird.cn/331/65/33165_313\",\"http://imp.zbird.cn/331/65/33165_314\",\"http://imp.zbird.cn/331/65/33165_316\",\"http://imp.zbird.cn/331/65/33165_317\"]'),(1068,'玄镜',21000,21,1,'铂900钻石戒指','铂900','11.0号','主钻1颗0.50克拉','辅钻87颗0.18克拉','2019-05-29','加入购物车','[]','钻戒','[\"http://imp.zbird.cn/212/89/21289_399!big.jpg\",\"http://imp.zbird.cn/212/89/21289_388!big.jpg\",\"http://imp.zbird.cn/212/89/21289_377!big.jpg\",\"http://imp.zbird.cn/212/89/21289_312\",\"http://imp.zbird.cn/212/89/21289_313\",\"http://imp.zbird.cn/212/89/21289_314\",\"http://imp.zbird.cn/212/89/21289_316\"]'),(1069,'心房',2600,19,0,'18K金钻石戒指','白18K金','14.0号','主钻1颗0.06克拉','辅钻9颗0.04克拉','2019-05-29','加入购物车','[\'http://imu.zbird.cn/566/88/56688_1?402\', \'http://imp.zbird.cn/566/89/56689_1?668\', \'http://imu.zbird.cn/566/90/56690_1?9\', \'http://imp.zbird.cn/566/91/56691_1?246\', \'http://imu.zbird.cn/566/92/56692_1?279\', \'http://imp.zbird.cn/566/93/56693_1?227\', \'http://imu.zbird.cn/566/94/56694_1?305\', \'http://imp.zbird.cn/566/95/56695_1?47\']','钻戒','[\"http://imu.zbird.cn/548/50/54850_399!big.jpg\",\"http://imu.zbird.cn/548/50/54850_388!big.jpg\",\"http://imu.zbird.cn/548/50/54850_312\",\"http://imu.zbird.cn/548/50/54850_313\",\"http://imu.zbird.cn/548/50/54850_314\",\"http://imu.zbird.cn/548/50/54850_316\",\"http://imu.zbird.cn/548/50/54850_317\"]'),(1070,'萌生（戒指）',2930,21,0,'18K金海水珍珠戒指','红18K金','13.0号','主钻0颗0.00克拉','辅钻8颗0.03克拉','2019-05-29','加入购物车','[\'http://imp.zbird.cn/464/05/46405_1?63\', \'http://imu.zbird.cn/464/06/46406_1?655\', \'http://imp.zbird.cn/464/07/46407_1?773\', \'http://imu.zbird.cn/464/08/46408_1?282\', \'http://imp.zbird.cn/464/09/46409_1?12\']','钻戒','[\"http://imu.zbird.cn/435/48/43548_499!big.jpg\",\"http://imu.zbird.cn/435/48/43548_488!big.jpg\",\"http://imu.zbird.cn/435/48/43548_412\",\"http://imu.zbird.cn/435/48/43548_413\",\"http://imu.zbird.cn/435/48/43548_414\",\"http://imu.zbird.cn/435/48/43548_416\",\"http://imu.zbird.cn/435/48/43548_417\"]'),(1071,'结网Ⅱ(护戒)',2500,144,23,'18K金钻石戒指','白18K金','12.0号','主钻10颗0.04克拉','','2019-05-29','加入购物车','[]','钻戒','[\"http://imu.zbird.cn/381/78/38178_399!big.jpg\",\"http://imu.zbird.cn/381/78/38178_388!big.jpg\",\"http://imu.zbird.cn/381/78/38178_377!big.jpg\",\"http://imu.zbird.cn/381/78/38178_312\",\"http://imu.zbird.cn/381/78/38178_313\",\"http://imu.zbird.cn/381/78/38178_314\",\"http://imu.zbird.cn/381/78/38178_316\",\"http://imu.zbird.cn/381/78/38178_317\"]'),(1072,'心仪',5399,145,33,'18K金钻石戒指','白18K金','10.0号','主钻1颗0.27克拉','辅钻16颗0.03克拉','2019-05-29','加入购物车','[]','钻戒','[\"http://imp.zbird.cn/296/47/29647_399!big.jpg\",\"http://imp.zbird.cn/296/47/29647_388!big.jpg\",\"http://imp.zbird.cn/296/47/29647_377!big.jpg\",\"http://imp.zbird.cn/296/47/29647_312\",\"http://imp.zbird.cn/296/47/29647_313\",\"http://imp.zbird.cn/296/47/29647_314\",\"http://imp.zbird.cn/296/47/29647_316\",\"http://imp.zbird.cn/296/47/29647_317\"]'),(1073,'木槿花',4999,21,8,'18K金钻石戒指','白18K金','13.0号','主钻1颗0.18克拉','辅钻1颗0.02克拉','2019-05-29','加入购物车','[]','钻戒','[\"http://imu.zbird.cn/313/12/31312_399!big.jpg\",\"http://imu.zbird.cn/313/12/31312_377!big.jpg\",\"http://imu.zbird.cn/313/12/31312_312\",\"http://imu.zbird.cn/313/12/31312_313\",\"http://imu.zbird.cn/313/12/31312_314\",\"http://imu.zbird.cn/313/12/31312_316\",\"http://imu.zbird.cn/313/12/31312_317\"]'),(1074,'冠冕',3199,156,32,'18K金钻石戒指','红18K金','11.0号','主钻22颗0.09克拉','','2019-05-29','加入购物车','[]','钻戒','[\"http://imp.zbird.cn/254/97/25497_499!big.jpg\",\"http://imp.zbird.cn/254/97/25497_488!big.jpg\",\"http://imp.zbird.cn/254/97/25497_477!big.jpg\",\"http://imp.zbird.cn/254/97/25497_412\",\"http://imp.zbird.cn/254/97/25497_413\",\"http://imp.zbird.cn/254/97/25497_414\",\"http://imp.zbird.cn/254/97/25497_416\",\"http://imp.zbird.cn/254/97/25497_417\"]'),(1075,'返璞冠冕',1299,159,10,'18K金钻石戒指','白18K金','9.0号','主钻1颗0.01克拉','辅钻10颗0.02克拉','2019-05-29','加入购物车','[]','钻戒','[\"http://imu.zbird.cn/327/86/32786_399!big.jpg\",\"http://imu.zbird.cn/327/86/32786_388!big.jpg\",\"http://imu.zbird.cn/327/86/32786_377!big.jpg\",\"http://imu.zbird.cn/327/86/32786_312\",\"http://imu.zbird.cn/327/86/32786_313\",\"http://imu.zbird.cn/327/86/32786_314\",\"http://imu.zbird.cn/327/86/32786_316\",\"http://imu.zbird.cn/327/86/32786_317\"]'),(1076,'结网',21580,159,94,'18K金钻石戒指','白18K金','11.0号','主钻1颗0.52克拉','辅钻16颗0.06克拉','2019-05-29','加入购物车','[\'http://imp.zbird.cn/403/57/40357_1?641\', \'http://imu.zbird.cn/403/58/40358_1?839\', \'http://imp.zbird.cn/403/59/40359_1?884\', \'http://imu.zbird.cn/403/60/40360_1?936\', \'http://imp.zbird.cn/403/61/40361_1?208\', \'http://imu.zbird.cn/403/62/40362_1?254\', \'http://imu.zbird.cn/403/64/40364_1?46\', \'http://imp.zbird.cn/403/65/40365_1?562\', \'http://imu.zbird.cn/403/66/40366_1?289\', \'http://imp.zbird.cn/403/67/40367_1?785\', \'http://imu.zbird.cn/403/68/40368_1?152\']','钻戒','[\"http://imu.zbird.cn/274/74/27474_399!big.jpg\",\"http://imu.zbird.cn/274/74/27474_388!big.jpg\",\"http://imu.zbird.cn/274/74/27474_377!big.jpg\",\"http://imu.zbird.cn/274/74/27474_312\",\"http://imu.zbird.cn/274/74/27474_313\",\"http://imu.zbird.cn/274/74/27474_314\",\"http://imu.zbird.cn/274/74/27474_316\",\"http://imu.zbird.cn/274/74/27474_317\"]'),(1077,'羞涩蔷薇',4599,164,14,'18K金钻石戒指','白18K金','12.0号','主钻1颗0.18克拉','','2019-05-29','加入购物车','[]','钻戒','[\"http://imp.zbird.cn/330/25/33025_399!big.jpg\",\"http://imp.zbird.cn/330/25/33025_388!big.jpg\",\"http://imp.zbird.cn/330/25/33025_377!big.jpg\",\"http://imp.zbird.cn/330/25/33025_312\",\"http://imp.zbird.cn/330/25/33025_313\",\"http://imp.zbird.cn/330/25/33025_314\",\"http://imp.zbird.cn/330/25/33025_316\",\"http://imp.zbird.cn/330/25/33025_317\"]'),(1078,'华冠',12200,174,0,'18K金钻石戒指','白18K金','12.0号','主钻1颗0.32克拉','辅钻16颗0.09克拉','2019-05-29','加入购物车','[\'http://imp.zbird.cn/495/75/49575_1?383\', \'http://imu.zbird.cn/495/76/49576_1?373\', \'http://imp.zbird.cn/495/77/49577_1?97\', \'http://imu.zbird.cn/495/78/49578_1?433\', \'http://imp.zbird.cn/495/79/49579_1?320\', \'http://imu.zbird.cn/495/80/49580_1?995\', \'http://imp.zbird.cn/495/81/49581_1?779\']','钻戒','[\"http://imu.zbird.cn/401/58/40158_399!big.jpg\",\"http://imu.zbird.cn/401/58/40158_388!big.jpg\",\"http://imu.zbird.cn/401/58/40158_377!big.jpg\",\"http://imu.zbird.cn/401/58/40158_312\",\"http://imu.zbird.cn/401/58/40158_313\",\"http://imu.zbird.cn/401/58/40158_314\",\"http://imu.zbird.cn/401/58/40158_316\",\"http://imu.zbird.cn/401/58/40158_317\"]'),(1079,'至爱真心',28400,21,6,'18K金钻石戒指','白18K金','12.0号','主钻1颗0.53克拉','辅钻6颗0.31克拉','2019-05-29','加入购物车','[]','钻戒','[\"http://imu.zbird.cn/215/06/21506_399!big.jpg\",\"http://imu.zbird.cn/215/06/21506_388!big.jpg\",\"http://imu.zbird.cn/215/06/21506_377!big.jpg\"]'),(1080,'百花女王Ⅰ',32700,181,26,'铂900钻石戒指','铂900','11.0号','主钻1颗0.53克拉','辅钻16颗0.07克拉','2019-05-29','加入购物车','[]','钻戒','[\"http://imp.zbird.cn/244/93/24493_399!big.jpg\",\"http://imp.zbird.cn/244/93/24493_388!big.jpg\",\"http://imp.zbird.cn/244/93/24493_377!big.jpg\",\"http://imp.zbird.cn/244/93/24493_312\",\"http://imp.zbird.cn/244/93/24493_313\",\"http://imp.zbird.cn/244/93/24493_314\",\"http://imp.zbird.cn/244/93/24493_316\",\"http://imp.zbird.cn/244/93/24493_317\"]'),(1081,'蜜之情',1999,186,26,'18K金钻石戒指','白18K金','11.0号','主钻12颗0.08克拉','','2019-05-29','加入购物车','[]','钻戒','[\"http://imp.zbird.cn/251/71/25171_399!big.jpg\",\"http://imp.zbird.cn/251/71/25171_388!big.jpg\",\"http://imp.zbird.cn/251/71/25171_377!big.jpg\",\"http://imp.zbird.cn/251/71/25171_312\",\"http://imp.zbird.cn/251/71/25171_313\",\"http://imp.zbird.cn/251/71/25171_314\",\"http://imp.zbird.cn/251/71/25171_316\",\"http://imp.zbird.cn/251/71/25171_317\"]'),(1082,'结网Ⅱ',10450,199,94,'18K金钻石戒指','白18K金','12.0号','主钻1颗0.30克拉','辅钻8颗0.03克拉','2019-05-29','加入购物车','[\'http://imu.zbird.cn/416/78/41678_1?359\', \'http://imp.zbird.cn/416/79/41679_1?897\', \'http://imu.zbird.cn/416/80/41680_1?944\', \'http://imp.zbird.cn/416/81/41681_1?990\', \'http://imu.zbird.cn/416/82/41682_1?526\', \'http://imp.zbird.cn/416/83/41683_1?814\', \'http://imu.zbird.cn/416/84/41684_1?263\', \'http://imp.zbird.cn/416/85/41685_1?536\', \'http://imu.zbird.cn/416/86/41686_1?479\', \'http://imp.zbird.cn/416/87/41687_1?401\']','钻戒','[\"http://imp.zbird.cn/381/77/38177_399!big.jpg\",\"http://imp.zbird.cn/381/77/38177_388!big.jpg\",\"http://imp.zbird.cn/381/77/38177_377!big.jpg\",\"http://imp.zbird.cn/381/77/38177_312\",\"http://imp.zbird.cn/381/77/38177_313\",\"http://imp.zbird.cn/381/77/38177_314\",\"http://imp.zbird.cn/381/77/38177_316\",\"http://imp.zbird.cn/381/77/38177_317\"]'),(1083,'芬芳',4199,21,13,'18K金钻石戒指','白18K金','12.0号','主钻1颗0.18克拉','','2019-05-29','加入购物车','[]','钻戒','[\"http://imp.zbird.cn/330/27/33027_399!big.jpg\",\"http://imp.zbird.cn/330/27/33027_388!big.jpg\",\"http://imp.zbird.cn/330/27/33027_377!big.jpg\",\"http://imp.zbird.cn/330/27/33027_312\",\"http://imp.zbird.cn/330/27/33027_313\",\"http://imp.zbird.cn/330/27/33027_314\",\"http://imp.zbird.cn/330/27/33027_316\",\"http://imp.zbird.cn/330/27/33027_317\"]'),(1084,'千金',24210,22,1,'铂900钻石戒指','铂900','12.0号','主钻1颗0.72克拉','辅钻22颗0.13克拉','2019-05-29','加入购物车','[]','钻戒','[\"http://imu.zbird.cn/270/14/27014_399!big.jpg\",\"http://imu.zbird.cn/270/14/27014_388!big.jpg\",\"http://imu.zbird.cn/270/14/27014_377!big.jpg\",\"http://imu.zbird.cn/270/14/27014_312\",\"http://imu.zbird.cn/270/14/27014_313\",\"http://imu.zbird.cn/270/14/27014_314\",\"http://imu.zbird.cn/270/14/27014_316\",\"http://imu.zbird.cn/270/14/27014_317\"]'),(1085,'温情',5200,24,0,'18K金钻石戒指','白18K金','12.0号','主钻1颗0.20克拉','辅钻15颗0.06克拉','2019-05-29','加入购物车','[\'http://imu.zbird.cn/386/90/38690_1?188\', \'http://imp.zbird.cn/386/91/38691_1?613\', \'http://imu.zbird.cn/386/92/38692_1?149\', \'http://imp.zbird.cn/386/93/38693_1?907\', \'http://imu.zbird.cn/386/94/38694_1?759\', \'http://imp.zbird.cn/386/95/38695_1?32\', \'http://imu.zbird.cn/386/96/38696_1?907\']','钻戒','[\"http://imp.zbird.cn/357/09/35709_399!big.jpg\",\"http://imp.zbird.cn/357/09/35709_388!big.jpg\",\"http://imp.zbird.cn/357/09/35709_377!big.jpg\",\"http://imp.zbird.cn/357/09/35709_312\",\"http://imp.zbird.cn/357/09/35709_313\",\"http://imp.zbird.cn/357/09/35709_314\",\"http://imp.zbird.cn/357/09/35709_316\",\"http://imp.zbird.cn/357/09/35709_317\"]'),(1086,'挽香',3299,24,15,'18K金钻石戒指','白18K金','12.0号','主钻4颗0.06克拉','辅钻8颗0.06克拉','2019-05-29','加入购物车','[\'http://imp.zbird.cn/337/35/33735_1?427\', \'http://imu.zbird.cn/337/36/33736_1?158\', \'http://imp.zbird.cn/337/37/33737_1?324\', \'http://imu.zbird.cn/337/38/33738_1?98\', \'http://imp.zbird.cn/337/39/33739_1?212\', \'http://imu.zbird.cn/337/40/33740_1?769\', \'http://imp.zbird.cn/337/41/33741_1?668\']','钻戒','[\"http://imu.zbird.cn/227/66/22766_399!big.jpg\",\"http://imu.zbird.cn/227/66/22766_388!big.jpg\",\"http://imu.zbird.cn/227/66/22766_377!big.jpg\",\"http://imu.zbird.cn/227/66/22766_312\",\"http://imu.zbird.cn/227/66/22766_313\",\"http://imu.zbird.cn/227/66/22766_314\",\"http://imu.zbird.cn/227/66/22766_316\",\"http://imu.zbird.cn/227/66/22766_317\"]'),(1087,'晨露(女戒)',3900,29,2,'18K金钻石戒指','白18K金','13.0号','主钻1颗0.18克拉','','2019-05-29','加入购物车','[\'http://imp.zbird.cn/340/69/34069_1?539\', \'http://imu.zbird.cn/340/70/34070_1?244\', \'http://imp.zbird.cn/340/71/34071_1?3\', \'http://imu.zbird.cn/340/72/34072_1?869\', \'http://imp.zbird.cn/340/73/34073_1?413\', \'http://imu.zbird.cn/340/74/34074_1?79\', \'http://imp.zbird.cn/340/75/34075_1?499\', \'http://imu.zbird.cn/340/76/34076_1?318\', \'http://imp.zbird.cn/340/77/34077_1?218\', \'http://imu.zbird.cn/340/78/34078_1?12\', \'http://imp.zbird.cn/340/79/34079_1?500\', \'http://imu.zbird.cn/340/80/34080_1?377\', \'http://imp.zbird.cn/340/81/34081_1?410\']','钻戒','[\"http://imp.zbird.cn/285/21/28521_399!big.jpg\",\"http://imp.zbird.cn/285/21/28521_388!big.jpg\",\"http://imp.zbird.cn/285/21/28521_377!big.jpg\",\"http://imp.zbird.cn/285/21/28521_312\",\"http://imp.zbird.cn/285/21/28521_313\",\"http://imp.zbird.cn/285/21/28521_314\",\"http://imp.zbird.cn/285/21/28521_316\",\"http://imp.zbird.cn/285/21/28521_317\"]'),(1088,'相惜',26370,29,56,'铂900钻石戒指','铂900','11.0号','主钻1颗0.50克拉','辅钻60颗0.25克拉','2019-05-29','加入购物车','[]','钻戒','[\"http://imp.zbird.cn/279/49/27949_399!big.jpg\",\"http://imp.zbird.cn/279/49/27949_388!big.jpg\",\"http://imp.zbird.cn/279/49/27949_377!big.jpg\",\"http://imp.zbird.cn/279/49/27949_312\",\"http://imp.zbird.cn/279/49/27949_313\",\"http://imp.zbird.cn/279/49/27949_314\",\"http://imp.zbird.cn/279/49/27949_316\",\"http://imp.zbird.cn/279/49/27949_317\"]'),(1089,'亲昵',3760,30,2,'18K金钻石戒指','白18K金','10.0号','主钻1颗0.14克拉','','2019-05-29','加入购物车','[\'http://imu.zbird.cn/344/70/34470_1?392\', \'http://imp.zbird.cn/344/71/34471_1?443\', \'http://imu.zbird.cn/344/72/34472_1?693\', \'http://imp.zbird.cn/344/73/34473_1?142\', \'http://imu.zbird.cn/344/74/34474_1?145\', \'http://imp.zbird.cn/344/75/34475_1?37\', \'http://imu.zbird.cn/344/76/34476_1?873\', \'http://imp.zbird.cn/344/77/34477_1?378\', \'http://imu.zbird.cn/344/78/34478_1?870\', \'http://imp.zbird.cn/344/79/34479_1?280\', \'http://imu.zbird.cn/344/80/34480_1?988\', \'http://imp.zbird.cn/344/81/34481_1?994\']','钻戒','[\"http://imu.zbird.cn/340/32/34032_399!big.jpg\",\"http://imu.zbird.cn/340/32/34032_388!big.jpg\",\"http://imu.zbird.cn/340/32/34032_377!big.jpg\",\"http://imu.zbird.cn/340/32/34032_312\",\"http://imu.zbird.cn/340/32/34032_313\",\"http://imu.zbird.cn/340/32/34032_314\",\"http://imu.zbird.cn/340/32/34032_316\",\"http://imu.zbird.cn/340/32/34032_317\"]'),(1090,'木槿花（粉）',4999,30,13,'18K金钻石戒指','白18K金','11.0号','主钻1颗0.21克拉','','2019-05-29','加入购物车','[]','钻戒','[\"http://imp.zbird.cn/313/13/31313_399!big.jpg\",\"http://imp.zbird.cn/313/13/31313_388!big.jpg\",\"http://imp.zbird.cn/313/13/31313_377!big.jpg\",\"http://imp.zbird.cn/313/13/31313_312\",\"http://imp.zbird.cn/313/13/31313_313\",\"http://imp.zbird.cn/313/13/31313_314\",\"http://imp.zbird.cn/313/13/31313_316\",\"http://imp.zbird.cn/313/13/31313_317\"]'),(1091,'辉映',2100,33,0,'18K金钻石戒指','红18K金','10.0号','主钻14颗0.07克拉','','2019-05-29','加入购物车','[\'http://imu.zbird.cn/342/26/34226_1?346\', \'http://imp.zbird.cn/342/27/34227_1?19\', \'http://imu.zbird.cn/342/28/34228_1?930\', \'http://imp.zbird.cn/342/29/34229_1?510\', \'http://imu.zbird.cn/342/30/34230_1?934\', \'http://imp.zbird.cn/342/31/34231_1?462\', \'http://imu.zbird.cn/342/32/34232_1?305\', \'http://imp.zbird.cn/342/33/34233_1?364\']','钻戒','[\"http://imu.zbird.cn/319/96/31996_499!big.jpg\",\"http://imu.zbird.cn/319/96/31996_488!big.jpg\",\"http://imu.zbird.cn/319/96/31996_477!big.jpg\",\"http://imu.zbird.cn/319/96/31996_412\",\"http://imu.zbird.cn/319/96/31996_413\",\"http://imu.zbird.cn/319/96/31996_414\",\"http://imu.zbird.cn/319/96/31996_416\",\"http://imu.zbird.cn/319/96/31996_417\"]'),(1092,'优雅千金',21600,33,4,'铂900钻石戒指','铂900','10.0号','主钻1颗0.50克拉','辅钻46颗0.22克拉','2019-05-29','加入购物车','[]','钻戒','[\"http://imu.zbird.cn/327/38/32738_399!big.jpg\",\"http://imu.zbird.cn/327/38/32738_388!big.jpg\",\"http://imu.zbird.cn/327/38/32738_377!big.jpg\",\"http://imu.zbird.cn/327/38/32738_312\",\"http://imu.zbird.cn/327/38/32738_313\",\"http://imu.zbird.cn/327/38/32738_314\",\"http://imu.zbird.cn/327/38/32738_316\",\"http://imu.zbird.cn/327/38/32738_317\"]'),(1093,'拥有',11570,33,38,'18K金钻石戒指','白18K金','11.0号','主钻1颗0.31克拉','辅钻22颗0.04克拉','2019-05-29','加入购物车','[]','钻戒','[\"http://imp.zbird.cn/258/77/25877_399!big.jpg\",\"http://imp.zbird.cn/258/77/25877_388!big.jpg\",\"http://imp.zbird.cn/258/77/25877_377!big.jpg\",\"http://imp.zbird.cn/258/77/25877_312\",\"http://imp.zbird.cn/258/77/25877_313\",\"http://imp.zbird.cn/258/77/25877_314\",\"http://imp.zbird.cn/258/77/25877_316\",\"http://imp.zbird.cn/258/77/25877_317\"]'),(1094,'执手',77700,34,0,'18K金钻石戒指','彩18K金','12.0号','主钻1颗1.07克拉','辅钻14颗0.13克拉','2019-05-29','加入购物车','[\'http://imu.zbird.cn/556/74/55674_1?787\', \'http://imp.zbird.cn/556/75/55675_1?821\', \'http://imu.zbird.cn/556/76/55676_1?733\', \'http://imp.zbird.cn/556/77/55677_1?184\', \'http://imu.zbird.cn/556/78/55678_1?270\', \'http://imp.zbird.cn/556/79/55679_1?614\', \'http://imu.zbird.cn/556/80/55680_1?942\', \'http://imp.zbird.cn/556/81/55681_1?619\']','钻戒','[\"http://imu.zbird.cn/524/24/52424_599!big.jpg\",\"http://imu.zbird.cn/524/24/52424_588!big.jpg\",\"http://imu.zbird.cn/524/24/52424_577!big.jpg\"]'),(1095,'心弦驿动',73300,2,1,'铂900钻石戒指','铂900','11.0号','主钻1颗1.31克拉','辅钻72颗0.39克拉','2019-05-29','加入购物车','[]','钻戒','[\"http://imu.zbird.cn/262/66/26266_399!big.jpg\",\"http://imu.zbird.cn/262/66/26266_388!big.jpg\",\"http://imu.zbird.cn/262/66/26266_377!big.jpg\"]'),(1096,'IntoColour悦色系列粉珐琅钻石戒指',6770,5,0,'18K金钻石戒指','白18K金','11.0号','主钻1颗0.18克拉','辅钻28颗0.13克拉','2019-05-29','加入购物车','[\'http://imu.zbird.cn/597/22/59722_1?712\', \'http://imp.zbird.cn/597/23/59723_1?253\', \'http://imu.zbird.cn/597/24/59724_1?210\', \'http://imp.zbird.cn/597/25/59725_1?141\', \'http://imu.zbird.cn/597/26/59726_1?886\', \'http://imp.zbird.cn/597/27/59727_1?193\', \'http://imu.zbird.cn/597/28/59728_1?549\', \'http://imp.zbird.cn/597/29/59729_1?778\']','钻戒','[\"http://imu.zbird.cn/590/12/59012_399!big.jpg\",\"http://imu.zbird.cn/590/12/59012_388!big.jpg\",\"http://imu.zbird.cn/590/12/59012_377!big.jpg\",\"http://imu.zbird.cn/590/12/59012_312\",\"http://imu.zbird.cn/590/12/59012_313\",\"http://imu.zbird.cn/590/12/59012_314\",\"http://imu.zbird.cn/590/12/59012_316\",\"http://imu.zbird.cn/590/12/59012_317\"]'),(1097,'怜爱',4700,5,0,'18K金钻石戒指','白18K金','13.0号','主钻1颗0.20克拉','','2019-05-29','加入购物车','[\'http://imu.zbird.cn/386/82/38682_1?685\', \'http://imp.zbird.cn/386/83/38683_1?418\', \'http://imu.zbird.cn/386/84/38684_1?461\', \'http://imp.zbird.cn/386/85/38685_1?463\', \'http://imu.zbird.cn/386/86/38686_1?764\', \'http://imp.zbird.cn/386/87/38687_1?563\', \'http://imu.zbird.cn/386/88/38688_1?306\', \'http://imp.zbird.cn/386/89/38689_1?994\']','钻戒','[\"http://imu.zbird.cn/357/08/35708_399!big.jpg\",\"http://imu.zbird.cn/357/08/35708_377!big.jpg\",\"http://imu.zbird.cn/357/08/35708_312\",\"http://imu.zbird.cn/357/08/35708_313\",\"http://imu.zbird.cn/357/08/35708_314\",\"http://imu.zbird.cn/357/08/35708_316\",\"http://imu.zbird.cn/357/08/35708_317\"]'),(1098,'休憩符',4300,5,0,'18K金钻石戒指','黄18K金','11.0号','主钻1颗0.18克拉','','2019-05-29','加入购物车','[\'http://imu.zbird.cn/355/86/35586_1?616\', \'http://imp.zbird.cn/355/87/35587_1?830\', \'http://imu.zbird.cn/355/88/35588_1?876\', \'http://imp.zbird.cn/355/89/35589_1?836\', \'http://imu.zbird.cn/355/90/35590_1?155\', \'http://imp.zbird.cn/355/91/35591_1?513\', \'http://imu.zbird.cn/355/92/35592_1?30\', \'http://imp.zbird.cn/355/93/35593_1?560\', \'http://imu.zbird.cn/355/94/35594_1?196\', \'http://imp.zbird.cn/355/95/35595_1?64\']','钻戒','[\"http://imu.zbird.cn/328/46/32846_299!big.jpg\",\"http://imu.zbird.cn/328/46/32846_288!big.jpg\",\"http://imu.zbird.cn/328/46/32846_277!big.jpg\",\"http://imu.zbird.cn/328/46/32846_212\",\"http://imu.zbird.cn/328/46/32846_213\",\"http://imu.zbird.cn/328/46/32846_214\",\"http://imu.zbird.cn/328/46/32846_216\",\"http://imu.zbird.cn/328/46/32846_217\",\"http://imu.zbird.cn/328/46/32846_399!big.jpg\",\"http://imu.zbird.cn/328/46/32846_388!big.jpg\",\"http://imu.zbird.cn/328/46/32846_377!big.jpg\",\"http://imu.zbird.cn/328/46/32846_312\",\"http://imu.zbird.cn/328/46/32846_313\",\"http://imu.zbird.cn/328/46/32846_314\",\"http://imu.zbird.cn/328/46/32846_316\",\"http://imu.zbird.cn/328/46/32846_317\"]'),(1099,'化蝶',1200,8,0,'18K金钻石戒指','红18K金','13.0号','主钻1颗0.01克拉','','2019-05-29','加入购物车','[]','钻戒','[\"http://imu.zbird.cn/323/44/32344_499!big.jpg\",\"http://imu.zbird.cn/323/44/32344_488!big.jpg\",\"http://imu.zbird.cn/323/44/32344_477!big.jpg\",\"http://imu.zbird.cn/323/44/32344_412\",\"http://imu.zbird.cn/323/44/32344_413\",\"http://imu.zbird.cn/323/44/32344_414\",\"http://imu.zbird.cn/323/44/32344_416\",\"http://imu.zbird.cn/323/44/32344_417\"]'),(1100,'水涧舞月',69120,8,3,'铂900钻石戒指','铂900','13.0号','主钻1颗1.00克拉','辅钻32颗0.35克拉','2019-05-29','加入购物车','[]','钻戒','[\"http://imp.zbird.cn/210/85/21085_399!big.jpg\",\"http://imp.zbird.cn/210/85/21085_388!big.jpg\",\"http://imp.zbird.cn/210/85/21085_377!big.jpg\"]'),(1101,'红豆',1200,8,7,'18K金戒指','白18K金','15.0号','主钻0颗0.00克拉','','2019-05-29','加入购物车','[]','钻戒','[\"http://imp.zbird.cn/285/49/28549_399!big.jpg\",\"http://imp.zbird.cn/285/49/28549_388!big.jpg\",\"http://imp.zbird.cn/285/49/28549_377!big.jpg\",\"http://imp.zbird.cn/285/49/28549_312\",\"http://imp.zbird.cn/285/49/28549_313\",\"http://imp.zbird.cn/285/49/28549_314\",\"http://imp.zbird.cn/285/49/28549_316\",\"http://imp.zbird.cn/285/49/28549_317\"]'),(1102,'花语',3500,9,0,'18K金钻石戒指','白18K金','10.0号','主钻1颗0.10克拉','','2019-05-29','加入购物车','[\'http://imp.zbird.cn/379/47/37947_1?850\', \'http://imu.zbird.cn/379/48/37948_1?645\', \'http://imp.zbird.cn/379/49/37949_1?665\', \'http://imu.zbird.cn/379/50/37950_1?349\', \'http://imp.zbird.cn/379/51/37951_1?416\', \'http://imu.zbird.cn/379/52/37952_1?501\', \'http://imp.zbird.cn/379/53/37953_1?63\']','钻戒','[\"http://imp.zbird.cn/340/29/34029_399!big.jpg\",\"http://imp.zbird.cn/340/29/34029_388!big.jpg\",\"http://imp.zbird.cn/340/29/34029_377!big.jpg\",\"http://imp.zbird.cn/340/29/34029_312\",\"http://imp.zbird.cn/340/29/34029_313\",\"http://imp.zbird.cn/340/29/34029_314\",\"http://imp.zbird.cn/340/29/34029_316\",\"http://imp.zbird.cn/340/29/34029_317\"]'),(1103,'摩登时代',1400,9,0,'18K金钻石戒指','红18K金','10.0号','主钻1颗0.00克拉','辅钻5颗0.03克拉','2019-05-29','加入购物车','[\'http://imp.zbird.cn/355/67/35567_1?29\', \'http://imu.zbird.cn/355/68/35568_1?130\', \'http://imp.zbird.cn/355/69/35569_1?221\', \'http://imu.zbird.cn/355/70/35570_1?992\', \'http://imp.zbird.cn/355/71/35571_1?773\', \'http://imu.zbird.cn/355/72/35572_1?111\', \'http://imp.zbird.cn/355/73/35573_1?660\']','钻戒','[\"http://imp.zbird.cn/323/45/32345_499!big.jpg\",\"http://imp.zbird.cn/323/45/32345_488!big.jpg\",\"http://imp.zbird.cn/323/45/32345_477!big.jpg\",\"http://imp.zbird.cn/323/45/32345_412\",\"http://imp.zbird.cn/323/45/32345_413\",\"http://imp.zbird.cn/323/45/32345_414\",\"http://imp.zbird.cn/323/45/32345_416\",\"http://imp.zbird.cn/323/45/32345_417\"]'),(1104,'星月伴',3600,10,0,'18K金钻石戒指','白18K金','15.0号','主钻1颗0.12克拉','辅钻6颗0.06克拉','2019-05-29','加入购物车','[\'http://imu.zbird.cn/566/80/56680_1?561\', \'http://imp.zbird.cn/566/81/56681_1?828\', \'http://imu.zbird.cn/566/82/56682_1?912\', \'http://imp.zbird.cn/566/83/56683_1?334\', \'http://imu.zbird.cn/566/84/56684_1?476\', \'http://imp.zbird.cn/566/85/56685_1?919\', \'http://imu.zbird.cn/566/86/56686_1?666\', \'http://imp.zbird.cn/566/87/56687_1?532\']','钻戒','[\"http://imp.zbird.cn/548/49/54849_399!big.jpg\",\"http://imp.zbird.cn/548/49/54849_388!big.jpg\",\"http://imp.zbird.cn/548/49/54849_377!big.jpg\",\"http://imp.zbird.cn/548/49/54849_312\",\"http://imp.zbird.cn/548/49/54849_313\",\"http://imp.zbird.cn/548/49/54849_314\",\"http://imp.zbird.cn/548/49/54849_316\",\"http://imp.zbird.cn/548/49/54849_317\"]'),(1105,'摘星',2600,10,0,'18K金钻石戒指','白18K金','11.0号','主钻1颗0.05克拉','辅钻15颗0.05克拉','2019-05-29','加入购物车','[\'http://imu.zbird.cn/566/96/56696_1?468\', \'http://imp.zbird.cn/566/97/56697_1?649\', \'http://imu.zbird.cn/566/98/56698_1?307\', \'http://imp.zbird.cn/566/99/56699_1?703\', \'http://imu.zbird.cn/567/00/56700_1?431\', \'http://imp.zbird.cn/567/01/56701_1?570\', \'http://imu.zbird.cn/567/02/56702_1?633\', \'http://imp.zbird.cn/567/03/56703_1?93\']','钻戒','[\"http://imp.zbird.cn/548/51/54851_399!big.jpg\",\"http://imp.zbird.cn/548/51/54851_388!big.jpg\",\"http://imp.zbird.cn/548/51/54851_377!big.jpg\",\"http://imp.zbird.cn/548/51/54851_312\",\"http://imp.zbird.cn/548/51/54851_313\",\"http://imp.zbird.cn/548/51/54851_314\",\"http://imp.zbird.cn/548/51/54851_316\",\"http://imp.zbird.cn/548/51/54851_317\"]'),(1106,'和婉',31000,10,1,'18K金钻石戒指','白18K金','12.0号','主钻1颗0.70克拉','辅钻2颗0.01克拉','2019-05-29','加入购物车','[]','钻戒','[\"http://imp.zbird.cn/331/39/33139_399!big.jpg\",\"http://imp.zbird.cn/331/39/33139_388!big.jpg\",\"http://imp.zbird.cn/331/39/33139_377!big.jpg\",\"http://imp.zbird.cn/331/39/33139_312\",\"http://imp.zbird.cn/331/39/33139_313\",\"http://imp.zbird.cn/331/39/33139_314\",\"http://imp.zbird.cn/331/39/33139_316\",\"http://imp.zbird.cn/331/39/33139_317\"]'),(1107,'流萤',9200,209,29,'铂900钻石戒指','铂900','11.0号','主钻1颗0.35克拉','','2019-05-29','加入购物车','[]','钻戒','[\"http://imu.zbird.cn/243/08/24308_399!big.jpg\",\"http://imu.zbird.cn/243/08/24308_388!big.jpg\",\"http://imu.zbird.cn/243/08/24308_377!big.jpg\",\"http://imu.zbird.cn/243/08/24308_312\",\"http://imu.zbird.cn/243/08/24308_313\",\"http://imu.zbird.cn/243/08/24308_314\",\"http://imu.zbird.cn/243/08/24308_316\",\"http://imu.zbird.cn/243/08/24308_317\"]'),(1108,'捧花',5999,211,45,'18K金钻石戒指','白18K金','11.0号','主钻1颗0.18克拉','辅钻12颗0.09克拉','2019-05-29','加入购物车','[]','钻戒','[\"http://imu.zbird.cn/312/86/31286_399!big.jpg\",\"http://imu.zbird.cn/312/86/31286_388!big.jpg\",\"http://imu.zbird.cn/312/86/31286_377!big.jpg\",\"http://imu.zbird.cn/312/86/31286_312\",\"http://imu.zbird.cn/312/86/31286_313\",\"http://imu.zbird.cn/312/86/31286_314\",\"http://imu.zbird.cn/312/86/31286_316\",\"http://imu.zbird.cn/312/86/31286_317\"]'),(1109,'Instinctive随心',24100,220,59,'铂900钻石戒指','铂900','12.0号','主钻1颗0.50克拉','','2019-05-29','加入购物车','[\'http://imu.zbird.cn/346/24/34624_1?359\', \'http://imp.zbird.cn/346/25/34625_1?663\', \'http://imu.zbird.cn/346/26/34626_1?20\', \'http://imp.zbird.cn/346/27/34627_1?866\', \'http://imu.zbird.cn/346/28/34628_1?645\', \'http://imp.zbird.cn/346/29/34629_1?994\', \'http://imu.zbird.cn/346/30/34630_1?604\', \'http://imp.zbird.cn/346/31/34631_1?532\']','钻戒','[\"http://imp.zbird.cn/288/57/28857_399!big.jpg\",\"http://imp.zbird.cn/288/57/28857_388!big.jpg\",\"http://imp.zbird.cn/288/57/28857_377!big.jpg\",\"http://imp.zbird.cn/288/57/28857_312\",\"http://imp.zbird.cn/288/57/28857_313\",\"http://imp.zbird.cn/288/57/28857_314\",\"http://imp.zbird.cn/288/57/28857_316\",\"http://imp.zbird.cn/288/57/28857_317\"]'),(1110,'圆满',11370,223,40,'18K金钻石戒指','白18K金','11.0号','主钻1颗0.30克拉','辅钻10颗0.15克拉','2019-05-29','加入购物车','[\'http://imu.zbird.cn/338/34/33834_1?402\', \'http://imp.zbird.cn/338/35/33835_1?630\', \'http://imu.zbird.cn/338/36/33836_1?513\', \'http://imp.zbird.cn/338/37/33837_1?382\', \'http://imu.zbird.cn/338/38/33838_1?569\', \'http://imp.zbird.cn/338/39/33839_1?106\', \'http://imu.zbird.cn/338/40/33840_1?905\', \'http://imp.zbird.cn/338/41/33841_1?914\']','钻戒','[\"http://imp.zbird.cn/233/11/23311_399!big.jpg\",\"http://imp.zbird.cn/233/11/23311_388!big.jpg\",\"http://imp.zbird.cn/233/11/23311_377!big.jpg\",\"http://imp.zbird.cn/233/11/23311_312\",\"http://imp.zbird.cn/233/11/23311_313\",\"http://imp.zbird.cn/233/11/23311_314\",\"http://imp.zbird.cn/233/11/23311_316\",\"http://imp.zbird.cn/233/11/23311_317\"]'),(1111,'北极光冰雪女王',15400,233,18,'18K金钻石戒指','白18K金','12.0号','主钻1颗0.30克拉','','2019-05-29','加入购物车','[\'http://imu.zbird.cn/381/62/38162_1?949\', \'http://imp.zbird.cn/381/63/38163_1?932\', \'http://imu.zbird.cn/381/64/38164_1?435\', \'http://imp.zbird.cn/381/65/38165_1?572\', \'http://imu.zbird.cn/381/66/38166_1?888\', \'http://imp.zbird.cn/381/67/38167_1?227\']','钻戒','[\"http://imu.zbird.cn/329/14/32914_399!big.jpg\",\"http://imu.zbird.cn/329/14/32914_388!big.jpg\",\"http://imu.zbird.cn/329/14/32914_377!big.jpg\",\"http://imu.zbird.cn/329/14/32914_312\",\"http://imu.zbird.cn/329/14/32914_313\",\"http://imu.zbird.cn/329/14/32914_314\",\"http://imu.zbird.cn/329/14/32914_316\",\"http://imu.zbird.cn/329/14/32914_317\"]'),(1112,'沁甜',9120,238,37,'18K金钻石戒指','白18K金','12.0号','主钻1颗0.30克拉','','2019-05-29','加入购物车','[\'http://imp.zbird.cn/337/63/33763_1?293\', \'http://imu.zbird.cn/337/64/33764_1?438\', \'http://imp.zbird.cn/337/65/33765_1?232\', \'http://imu.zbird.cn/337/66/33766_1?477\', \'http://imp.zbird.cn/337/67/33767_1?739\', \'http://imu.zbird.cn/337/68/33768_1?898\', \'http://imp.zbird.cn/337/69/33769_1?406\']','钻戒','[\"http://imp.zbird.cn/232/97/23297_399!big.jpg\",\"http://imp.zbird.cn/232/97/23297_388!big.jpg\",\"http://imp.zbird.cn/232/97/23297_377!big.jpg\",\"http://imp.zbird.cn/232/97/23297_312\",\"http://imp.zbird.cn/232/97/23297_313\",\"http://imp.zbird.cn/232/97/23297_314\",\"http://imp.zbird.cn/232/97/23297_316\",\"http://imp.zbird.cn/232/97/23297_317\"]'),(1113,'宠心Ⅱ',11360,248,67,'18K金钻石戒指','白18K金','11.0号','主钻1颗0.30克拉','辅钻18颗0.04克拉','2019-05-29','加入购物车','[]','钻戒','[\"http://imu.zbird.cn/323/34/32334_399!big.jpg\",\"http://imu.zbird.cn/323/34/32334_388!big.jpg\",\"http://imu.zbird.cn/323/34/32334_377!big.jpg\",\"http://imu.zbird.cn/323/34/32334_312\",\"http://imu.zbird.cn/323/34/32334_313\",\"http://imu.zbird.cn/323/34/32334_314\",\"http://imu.zbird.cn/323/34/32334_316\",\"http://imu.zbird.cn/323/34/32334_317\"]'),(1114,'轻舞飞扬',11280,268,53,'铂900钻石戒指','铂900','12.0号','主钻1颗0.31克拉','','2019-05-29','加入购物车','[\'http://imu.zbird.cn/337/70/33770_1?601\', \'http://imp.zbird.cn/337/71/33771_1?964\', \'http://imu.zbird.cn/337/72/33772_1?605\', \'http://imp.zbird.cn/337/73/33773_1?987\', \'http://imu.zbird.cn/337/74/33774_1?915\', \'http://imp.zbird.cn/337/75/33775_1?743\', \'http://imu.zbird.cn/337/76/33776_1?701\']','钻戒','[\"http://imp.zbird.cn/232/99/23299_399!big.jpg\",\"http://imp.zbird.cn/232/99/23299_388!big.jpg\",\"http://imp.zbird.cn/232/99/23299_377!big.jpg\",\"http://imp.zbird.cn/232/99/23299_312\",\"http://imp.zbird.cn/232/99/23299_313\",\"http://imp.zbird.cn/232/99/23299_314\",\"http://imp.zbird.cn/232/99/23299_316\",\"http://imp.zbird.cn/232/99/23299_317\"]'),(1115,'心爱',10590,274,35,'铂900钻石戒指','铂900','13.0号','主钻1颗0.30克拉','','2019-05-29','加入购物车','[\'http://imu.zbird.cn/347/58/34758_1?576\', \'http://imp.zbird.cn/347/59/34759_1?868\', \'http://imu.zbird.cn/347/60/34760_1?126\', \'http://imp.zbird.cn/347/61/34761_1?139\', \'http://imu.zbird.cn/347/62/34762_1?712\', \'http://imp.zbird.cn/347/63/34763_1?403\', \'http://imu.zbird.cn/347/64/34764_1?312\', \'http://imp.zbird.cn/347/65/34765_1?518\']','钻戒','[\"http://imu.zbird.cn/230/42/23042_399!big.jpg\",\"http://imu.zbird.cn/230/42/23042_388!big.jpg\",\"http://imu.zbird.cn/230/42/23042_377!big.jpg\",\"http://imu.zbird.cn/230/42/23042_312\",\"http://imu.zbird.cn/230/42/23042_313\",\"http://imu.zbird.cn/230/42/23042_314\",\"http://imu.zbird.cn/230/42/23042_316\",\"http://imu.zbird.cn/230/42/23042_317\"]'),(1116,'缤纷',11760,284,32,'铂900钻石戒指','铂900','13.0号','主钻1颗0.30克拉','辅钻12颗0.05克拉','2019-05-29','加入购物车','[]','钻戒','[\"http://imu.zbird.cn/243/12/24312_399!big.jpg\",\"http://imu.zbird.cn/243/12/24312_388!big.jpg\",\"http://imu.zbird.cn/243/12/24312_377!big.jpg\",\"http://imu.zbird.cn/243/12/24312_312\",\"http://imu.zbird.cn/243/12/24312_313\",\"http://imu.zbird.cn/243/12/24312_314\",\"http://imu.zbird.cn/243/12/24312_316\",\"http://imu.zbird.cn/243/12/24312_317\"]'),(1117,'圣枝',10600,302,0,'18K金钻石戒指','白18K金','13.0号','主钻1颗0.30克拉','','2019-05-29','加入购物车','[\'http://imp.zbird.cn/495/51/49551_1?195\', \'http://imu.zbird.cn/495/52/49552_1?526\', \'http://imp.zbird.cn/495/53/49553_1?866\', \'http://imu.zbird.cn/495/54/49554_1?493\', \'http://imu.zbird.cn/495/56/49556_1?659\', \'http://imp.zbird.cn/495/57/49557_1?362\', \'http://imu.zbird.cn/495/58/49558_1?429\']','钻戒','[\"http://imp.zbird.cn/395/83/39583_399!big.jpg\",\"http://imp.zbird.cn/395/83/39583_388!big.jpg\",\"http://imp.zbird.cn/395/83/39583_377!big.jpg\",\"http://imp.zbird.cn/395/83/39583_312\",\"http://imp.zbird.cn/395/83/39583_313\",\"http://imp.zbird.cn/395/83/39583_314\",\"http://imp.zbird.cn/395/83/39583_316\",\"http://imp.zbird.cn/395/83/39583_317\"]'),(1118,'甜美',5599,313,55,'18K金钻石戒指','红18K金','13.0号','主钻11颗0.41克拉','','2019-05-29','加入购物车','[]','钻戒','[\"http://imu.zbird.cn/254/96/25496_499!big.jpg\",\"http://imu.zbird.cn/254/96/25496_488!big.jpg\",\"http://imu.zbird.cn/254/96/25496_477!big.jpg\",\"http://imu.zbird.cn/254/96/25496_412\",\"http://imu.zbird.cn/254/96/25496_413\",\"http://imu.zbird.cn/254/96/25496_414\",\"http://imu.zbird.cn/254/96/25496_416\",\"http://imu.zbird.cn/254/96/25496_417\"]'),(1119,'锦簇',76300,1,5,'铂900钻石戒指','铂900','14.0号','主钻1颗1.30克拉','辅钻46颗0.45克拉','2019-05-29','加入购物车','[]','钻戒','[\"http://imp.zbird.cn/219/17/21917_399!big.jpg\",\"http://imp.zbird.cn/219/17/21917_388!big.jpg\",\"http://imp.zbird.cn/219/17/21917_377!big.jpg\"]');
/*!40000 ALTER TABLE `all_diamonds` ENABLE KEYS */;
UNLOCK TABLES;

--
-- Table structure for table `auth_group`
--

DROP TABLE IF EXISTS `auth_group`;
/*!40101 SET @saved_cs_client     = @@character_set_client */;
/*!40101 SET character_set_client = utf8 */;
CREATE TABLE `auth_group` (
  `id` INT(11) NOT NULL AUTO_INCREMENT,
  `name` VARCHAR(80) NOT NULL,
  PRIMARY KEY (`id`),
  UNIQUE KEY `name` (`name`)
) ENGINE=INNODB DEFAULT CHARSET=gbk;
/*!40101 SET character_set_client = @saved_cs_client */;

--
-- Dumping data for table `auth_group`
--

LOCK TABLES `auth_group` WRITE;
/*!40000 ALTER TABLE `auth_group` DISABLE KEYS */;
/*!40000 ALTER TABLE `auth_group` ENABLE KEYS */;
UNLOCK TABLES;

--
-- Table structure for table `auth_group_permissions`
--

DROP TABLE IF EXISTS `auth_group_permissions`;
/*!40101 SET @saved_cs_client     = @@character_set_client */;
/*!40101 SET character_set_client = utf8 */;
CREATE TABLE `auth_group_permissions` (
  `id` INT(11) NOT NULL AUTO_INCREMENT,
  `group_id` INT(11) NOT NULL,
  `permission_id` INT(11) NOT NULL,
  PRIMARY KEY (`id`),
  UNIQUE KEY `auth_group_permissions_group_id_permission_id_0cd325b0_uniq` (`group_id`,`permission_id`),
  KEY `auth_group_permissio_permission_id_84c5c92e_fk_auth_perm` (`permission_id`),
  CONSTRAINT `auth_group_permissions_group_id_b120cbf9_fk_auth_group_id` FOREIGN KEY (`group_id`) REFERENCES `auth_group` (`id`),
  CONSTRAINT `auth_group_permissio_permission_id_84c5c92e_fk_auth_perm` FOREIGN KEY (`permission_id`) REFERENCES `auth_permission` (`id`)
) ENGINE=INNODB DEFAULT CHARSET=gbk;
/*!40101 SET character_set_client = @saved_cs_client */;

--
-- Dumping data for table `auth_group_permissions`
--

LOCK TABLES `auth_group_permissions` WRITE;
/*!40000 ALTER TABLE `auth_group_permissions` DISABLE KEYS */;
/*!40000 ALTER TABLE `auth_group_permissions` ENABLE KEYS */;
UNLOCK TABLES;

--
-- Table structure for table `auth_permission`
--

DROP TABLE IF EXISTS `auth_permission`;
/*!40101 SET @saved_cs_client     = @@character_set_client */;
/*!40101 SET character_set_client = utf8 */;
CREATE TABLE `auth_permission` (
  `id` INT(11) NOT NULL AUTO_INCREMENT,
  `name` VARCHAR(255) NOT NULL,
  `content_type_id` INT(11) NOT NULL,
  `codename` VARCHAR(100) NOT NULL,
  PRIMARY KEY (`id`),
  UNIQUE KEY `auth_permission_content_type_id_codename_01ab375a_uniq` (`content_type_id`,`codename`),
  CONSTRAINT `auth_permission_content_type_id_2f476e4b_fk_django_co` FOREIGN KEY (`content_type_id`) REFERENCES `django_content_type` (`id`)
) ENGINE=INNODB AUTO_INCREMENT=64 DEFAULT CHARSET=gbk;
/*!40101 SET character_set_client = @saved_cs_client */;

--
-- Dumping data for table `auth_permission`
--

LOCK TABLES `auth_permission` WRITE;
/*!40000 ALTER TABLE `auth_permission` DISABLE KEYS */;
INSERT INTO `auth_permission` VALUES (1,'Can add log entry',1,'add_logentry'),(2,'Can change log entry',1,'change_logentry'),(3,'Can delete log entry',1,'delete_logentry'),(4,'Can add permission',2,'add_permission'),(5,'Can change permission',2,'change_permission'),(6,'Can delete permission',2,'delete_permission'),(7,'Can add group',3,'add_group'),(8,'Can change group',3,'change_group'),(9,'Can delete group',3,'delete_group'),(10,'Can add user',4,'add_user'),(11,'Can change user',4,'change_user'),(12,'Can delete user',4,'delete_user'),(13,'Can add content type',5,'add_contenttype'),(14,'Can change content type',5,'change_contenttype'),(15,'Can delete content type',5,'delete_contenttype'),(16,'Can add session',6,'add_session'),(17,'Can change session',6,'change_session'),(18,'Can delete session',6,'delete_session'),(19,'Can add all diamonds',7,'add_alldiamonds'),(20,'Can change all diamonds',7,'change_alldiamonds'),(21,'Can delete all diamonds',7,'delete_alldiamonds'),(22,'Can add all diamond urls',8,'add_alldiamondurls'),(23,'Can change all diamond urls',8,'change_alldiamondurls'),(24,'Can delete all diamond urls',8,'delete_alldiamondurls'),(25,'Can add user',9,'add_user'),(26,'Can change user',9,'change_user'),(27,'Can delete user',9,'delete_user'),(28,'Can add auth group',10,'add_authgroup'),(29,'Can change auth group',10,'change_authgroup'),(30,'Can delete auth group',10,'delete_authgroup'),(31,'Can add auth group permissions',11,'add_authgrouppermissions'),(32,'Can change auth group permissions',11,'change_authgrouppermissions'),(33,'Can delete auth group permissions',11,'delete_authgrouppermissions'),(34,'Can add auth permission',12,'add_authpermission'),(35,'Can change auth permission',12,'change_authpermission'),(36,'Can delete auth permission',12,'delete_authpermission'),(37,'Can add auth user',13,'add_authuser'),(38,'Can change auth user',13,'change_authuser'),(39,'Can delete auth user',13,'delete_authuser'),(40,'Can add auth user groups',14,'add_authusergroups'),(41,'Can change auth user groups',14,'change_authusergroups'),(42,'Can delete auth user groups',14,'delete_authusergroups'),(43,'Can add auth user user permissions',15,'add_authuseruserpermissions'),(44,'Can change auth user user permissions',15,'change_authuseruserpermissions'),(45,'Can delete auth user user permissions',15,'delete_authuseruserpermissions'),(46,'Can add django admin log',16,'add_djangoadminlog'),(47,'Can change django admin log',16,'change_djangoadminlog'),(48,'Can delete django admin log',16,'delete_djangoadminlog'),(49,'Can add django content type',17,'add_djangocontenttype'),(50,'Can change django content type',17,'change_djangocontenttype'),(51,'Can delete django content type',17,'delete_djangocontenttype'),(52,'Can add django migrations',18,'add_djangomigrations'),(53,'Can change django migrations',18,'change_djangomigrations'),(54,'Can delete django migrations',18,'delete_djangomigrations'),(55,'Can add django session',19,'add_djangosession'),(56,'Can change django session',19,'change_djangosession'),(57,'Can delete django session',19,'delete_djangosession'),(58,'Can add shoppings',20,'add_shoppings'),(59,'Can change shoppings',20,'change_shoppings'),(60,'Can delete shoppings',20,'delete_shoppings'),(61,'Can add order forms',21,'add_orderforms'),(62,'Can change order forms',21,'change_orderforms'),(63,'Can delete order forms',21,'delete_orderforms');
/*!40000 ALTER TABLE `auth_permission` ENABLE KEYS */;
UNLOCK TABLES;

--
-- Table structure for table `auth_user`
--

DROP TABLE IF EXISTS `auth_user`;
/*!40101 SET @saved_cs_client     = @@character_set_client */;
/*!40101 SET character_set_client = utf8 */;
CREATE TABLE `auth_user` (
  `id` INT(11) NOT NULL AUTO_INCREMENT,
  `password` VARCHAR(128) NOT NULL,
  `last_login` DATETIME DEFAULT NULL,
  `is_superuser` TINYINT(1) NOT NULL,
  `username` VARCHAR(150) NOT NULL,
  `first_name` VARCHAR(30) NOT NULL,
  `last_name` VARCHAR(150) NOT NULL,
  `email` VARCHAR(254) NOT NULL,
  `is_staff` TINYINT(1) NOT NULL,
  `is_active` TINYINT(1) NOT NULL,
  `date_joined` DATETIME NOT NULL,
  PRIMARY KEY (`id`),
  UNIQUE KEY `username` (`username`)
) ENGINE=INNODB DEFAULT CHARSET=gbk;
/*!40101 SET character_set_client = @saved_cs_client */;

--
-- Dumping data for table `auth_user`
--

LOCK TABLES `auth_user` WRITE;
/*!40000 ALTER TABLE `auth_user` DISABLE KEYS */;
/*!40000 ALTER TABLE `auth_user` ENABLE KEYS */;
UNLOCK TABLES;

--
-- Table structure for table `auth_user_groups`
--

DROP TABLE IF EXISTS `auth_user_groups`;
/*!40101 SET @saved_cs_client     = @@character_set_client */;
/*!40101 SET character_set_client = utf8 */;
CREATE TABLE `auth_user_groups` (
  `id` INT(11) NOT NULL AUTO_INCREMENT,
  `user_id` INT(11) NOT NULL,
  `group_id` INT(11) NOT NULL,
  PRIMARY KEY (`id`),
  UNIQUE KEY `auth_user_groups_user_id_group_id_94350c0c_uniq` (`user_id`,`group_id`),
  KEY `auth_user_groups_group_id_97559544_fk_auth_group_id` (`group_id`),
  CONSTRAINT `auth_user_groups_group_id_97559544_fk_auth_group_id` FOREIGN KEY (`group_id`) REFERENCES `auth_group` (`id`),
  CONSTRAINT `auth_user_groups_user_id_6a12ed8b_fk_auth_user_id` FOREIGN KEY (`user_id`) REFERENCES `auth_user` (`id`)
) ENGINE=INNODB DEFAULT CHARSET=gbk;
/*!40101 SET character_set_client = @saved_cs_client */;

--
-- Dumping data for table `auth_user_groups`
--

LOCK TABLES `auth_user_groups` WRITE;
/*!40000 ALTER TABLE `auth_user_groups` DISABLE KEYS */;
/*!40000 ALTER TABLE `auth_user_groups` ENABLE KEYS */;
UNLOCK TABLES;

--
-- Table structure for table `auth_user_user_permissions`
--

DROP TABLE IF EXISTS `auth_user_user_permissions`;
/*!40101 SET @saved_cs_client     = @@character_set_client */;
/*!40101 SET character_set_client = utf8 */;
CREATE TABLE `auth_user_user_permissions` (
  `id` INT(11) NOT NULL AUTO_INCREMENT,
  `user_id` INT(11) NOT NULL,
  `permission_id` INT(11) NOT NULL,
  PRIMARY KEY (`id`),
  UNIQUE KEY `auth_user_user_permissions_user_id_permission_id_14a6b632_uniq` (`user_id`,`permission_id`),
  KEY `auth_user_user_permi_permission_id_1fbb5f2c_fk_auth_perm` (`permission_id`),
  CONSTRAINT `auth_user_user_permissions_user_id_a95ead1b_fk_auth_user_id` FOREIGN KEY (`user_id`) REFERENCES `auth_user` (`id`),
  CONSTRAINT `auth_user_user_permi_permission_id_1fbb5f2c_fk_auth_perm` FOREIGN KEY (`permission_id`) REFERENCES `auth_permission` (`id`)
) ENGINE=INNODB DEFAULT CHARSET=gbk;
/*!40101 SET character_set_client = @saved_cs_client */;

--
-- Dumping data for table `auth_user_user_permissions`
--

LOCK TABLES `auth_user_user_permissions` WRITE;
/*!40000 ALTER TABLE `auth_user_user_permissions` DISABLE KEYS */;
/*!40000 ALTER TABLE `auth_user_user_permissions` ENABLE KEYS */;
UNLOCK TABLES;

--
-- Table structure for table `django_admin_log`
--

DROP TABLE IF EXISTS `django_admin_log`;
/*!40101 SET @saved_cs_client     = @@character_set_client */;
/*!40101 SET character_set_client = utf8 */;
CREATE TABLE `django_admin_log` (
  `id` INT(11) NOT NULL AUTO_INCREMENT,
  `action_time` DATETIME NOT NULL,
  `object_id` LONGTEXT,
  `object_repr` VARCHAR(200) NOT NULL,
  `action_flag` SMALLINT(5) UNSIGNED NOT NULL,
  `change_message` LONGTEXT NOT NULL,
  `content_type_id` INT(11) DEFAULT NULL,
  `user_id` INT(11) NOT NULL,
  PRIMARY KEY (`id`),
  KEY `django_admin_log_content_type_id_c4bce8eb_fk_django_co` (`content_type_id`),
  KEY `django_admin_log_user_id_c564eba6_fk` (`user_id`),
  CONSTRAINT `django_admin_log_content_type_id_c4bce8eb_fk_django_co` FOREIGN KEY (`content_type_id`) REFERENCES `django_content_type` (`id`),
  CONSTRAINT `django_admin_log_user_id_c564eba6_fk` FOREIGN KEY (`user_id`) REFERENCES `auth_user` (`id`)
) ENGINE=INNODB DEFAULT CHARSET=gbk;
/*!40101 SET character_set_client = @saved_cs_client */;

--
-- Dumping data for table `django_admin_log`
--

LOCK TABLES `django_admin_log` WRITE;
/*!40000 ALTER TABLE `django_admin_log` DISABLE KEYS */;
/*!40000 ALTER TABLE `django_admin_log` ENABLE KEYS */;
UNLOCK TABLES;

--
-- Table structure for table `django_content_type`
--

DROP TABLE IF EXISTS `django_content_type`;
/*!40101 SET @saved_cs_client     = @@character_set_client */;
/*!40101 SET character_set_client = utf8 */;
CREATE TABLE `django_content_type` (
  `id` INT(11) NOT NULL AUTO_INCREMENT,
  `app_label` VARCHAR(100) NOT NULL,
  `model` VARCHAR(100) NOT NULL,
  PRIMARY KEY (`id`),
  UNIQUE KEY `django_content_type_app_label_model_76bd3d3b_uniq` (`app_label`,`model`)
) ENGINE=INNODB AUTO_INCREMENT=22 DEFAULT CHARSET=gbk;
/*!40101 SET character_set_client = @saved_cs_client */;

--
-- Dumping data for table `django_content_type`
--

LOCK TABLES `django_content_type` WRITE;
/*!40000 ALTER TABLE `django_content_type` DISABLE KEYS */;
INSERT INTO `django_content_type` VALUES (1,'admin','logentry'),(3,'auth','group'),(2,'auth','permission'),(4,'auth','user'),(5,'contenttypes','contenttype'),(7,'first','alldiamonds'),(8,'first','alldiamondurls'),(10,'first','authgroup'),(11,'first','authgrouppermissions'),(12,'first','authpermission'),(13,'first','authuser'),(14,'first','authusergroups'),(15,'first','authuseruserpermissions'),(16,'first','djangoadminlog'),(17,'first','djangocontenttype'),(18,'first','djangomigrations'),(19,'first','djangosession'),(21,'first','orderforms'),(20,'first','shoppings'),(9,'first','user'),(6,'sessions','session');
/*!40000 ALTER TABLE `django_content_type` ENABLE KEYS */;
UNLOCK TABLES;

--
-- Table structure for table `django_migrations`
--

DROP TABLE IF EXISTS `django_migrations`;
/*!40101 SET @saved_cs_client     = @@character_set_client */;
/*!40101 SET character_set_client = utf8 */;
CREATE TABLE `django_migrations` (
  `id` INT(11) NOT NULL AUTO_INCREMENT,
  `app` VARCHAR(255) NOT NULL,
  `name` VARCHAR(255) NOT NULL,
  `applied` DATETIME NOT NULL,
  PRIMARY KEY (`id`)
) ENGINE=INNODB AUTO_INCREMENT=26 DEFAULT CHARSET=gbk;
/*!40101 SET character_set_client = @saved_cs_client */;

--
-- Dumping data for table `django_migrations`
--

LOCK TABLES `django_migrations` WRITE;
/*!40000 ALTER TABLE `django_migrations` DISABLE KEYS */;
INSERT INTO `django_migrations` VALUES (1,'contenttypes','0001_initial','2019-05-19 11:44:26'),(2,'auth','0001_initial','2019-05-19 11:44:26'),(3,'admin','0001_initial','2019-05-19 11:44:26'),(4,'admin','0002_logentry_remove_auto_add','2019-05-19 11:44:26'),(5,'contenttypes','0002_remove_content_type_name','2019-05-19 11:44:27'),(6,'auth','0002_alter_permission_name_max_length','2019-05-19 11:44:27'),(7,'auth','0003_alter_user_email_max_length','2019-05-19 11:44:27'),(8,'auth','0004_alter_user_username_opts','2019-05-19 11:44:27'),(9,'auth','0005_alter_user_last_login_null','2019-05-19 11:44:27'),(10,'auth','0006_require_contenttypes_0002','2019-05-19 11:44:27'),(11,'auth','0007_alter_validators_add_error_messages','2019-05-19 11:44:27'),(12,'auth','0008_alter_user_username_max_length','2019-05-19 11:44:27'),(13,'auth','0009_alter_user_last_name_max_length','2019-05-19 11:44:27'),(14,'first','0001_initial','2019-05-19 11:44:27'),(15,'sessions','0001_initial','2019-05-19 11:44:27'),(16,'first','0002_auto_20190521_1948','2019-05-24 09:34:15'),(17,'first','0003_auto_20190521_1950','2019-05-24 09:34:15'),(18,'first','0004_auto_20190521_1955','2019-05-24 09:34:15'),(19,'first','0005_auto_20190521_1959','2019-05-24 09:34:15'),(20,'first','0006_auto_20190521_2000','2019-05-24 09:34:16'),(21,'first','0007_auto_20190521_2004','2019-05-24 09:34:16'),(22,'first','0008_auto_20190521_2005','2019-05-24 09:34:16'),(23,'first','0009_auto_20190521_2008','2019-05-24 09:34:16'),(24,'first','0010_auto_20190524_1734','2019-05-24 09:34:16'),(25,'first','0011_orderforms','2019-05-26 01:42:13');
/*!40000 ALTER TABLE `django_migrations` ENABLE KEYS */;
UNLOCK TABLES;

--
-- Table structure for table `django_session`
--

DROP TABLE IF EXISTS `django_session`;
/*!40101 SET @saved_cs_client     = @@character_set_client */;
/*!40101 SET character_set_client = utf8 */;
CREATE TABLE `django_session` (
  `session_key` varchar(40) NOT NULL,
  `session_data` longtext NOT NULL,
  `expire_date` datetime NOT NULL,
  PRIMARY KEY (`session_key`),
  KEY `django_session_expire_date_a5c62663` (`expire_date`)
) ENGINE=InnoDB DEFAULT CHARSET=gbk;
/*!40101 SET character_set_client = @saved_cs_client */;

--
-- Dumping data for table `django_session`
--

LOCK TABLES `django_session` WRITE;
/*!40000 ALTER TABLE `django_session` DISABLE KEYS */;
INSERT INTO `django_session` VALUES ('16f279arriltwkrrl82xgq480quc8zze','ODZlYWNmNTk1NDI4ZWRkMTRmZmY3ZDRhODVmNWNkMmNkNmM2ZTE0MTp7InVpZCI6Mjh9','2019-06-09 02:25:58'),('253zvr1uebosetdjtgrjkqq56rnhsoca','M2Y1N2Y0NmFmMjU2MmFlNjE3MDVmZTUwZTY2YjliMTI2ZWQ0NzBlZDp7InVpZCI6MzZ9','2019-06-10 03:25:57'),('2m9adclh9x53g3jzbsmb216rvp3mveu9','ZDEyY2JjNGM3ZmNjNjMzYWZmMjk2YzgyM2MzODVhMTMxNDk1ZmRjZjp7InVpZCI6MjV9','2019-06-09 02:14:20'),('d8ad06e0s9px980lh150k8x6vpj566dd','Nzg0MGVhM2U5MTcyMjZkOWI4YmU1OTUyN2ZiY2IyMDJlM2UxZWZjYTp7InVpZCI6MjksInVfaWQiOjIxfQ==','2019-06-09 08:33:05'),('j822cg6qyuxs21j6o3la1kzr5unzfvwd','ZDkxNGU0YmExMzYwODhhNDdiNjg0Yzc0Y2RhMDU3NTE1ZDBiOTRkYTp7InVpZCI6MjZ9','2019-06-09 02:17:57'),('k2vqjqxji2jbatv498es79x7g698emib','Mjg5NTIwYWFlZmQ2NmUzOWI2Yzk0ZmJjMjAyZTQwOTY4YmFjNjkwYjp7InVpZCI6Mjd9','2019-06-09 02:24:31'),('wz8grt7kv1c43olg52vx07ed3yr5o2jf','MjYxNGRhYmU1OTcxOTliZGRlMTAzMzAwOTA2YjAxN2Q2MzdiOGM2Yzp7InVpZCI6MjJ9','2019-06-09 01:34:58'),('xmg46oq1irc68ii6rq4rgfy9t1n5b39z','NDY4OTA3N2IzMzc0MmY5MmIzZjNkNjkxYzcyOWUyZGE2OGEyMmI4Yzp7InVfaWQiOjIxfQ==','2019-06-07 10:11:40');
/*!40000 ALTER TABLE `django_session` ENABLE KEYS */;
UNLOCK TABLES;

--
-- Table structure for table `order_forms`
--

DROP TABLE IF EXISTS `order_forms`;
/*!40101 SET @saved_cs_client     = @@character_set_client */;
/*!40101 SET character_set_client = utf8 */;
CREATE TABLE `order_forms` (
  `id` int(11) NOT NULL AUTO_INCREMENT,
  `sender_name` varchar(255) NOT NULL,
  `sender_phone` varchar(255) NOT NULL,
  `sender_address` varchar(255) NOT NULL,
  `sender_post` varchar(255) NOT NULL,
  `sender_postcode` varchar(255) NOT NULL,
  `receiver_name` varchar(255) NOT NULL,
  `receiver_phone` varchar(255) NOT NULL,
  `receiver_address` varchar(255) NOT NULL,
  `receiver_postcode` varchar(255) NOT NULL,
  `shop_id` int(11) NOT NULL,
  `user_id` int(11) NOT NULL,
  PRIMARY KEY (`id`)
) ENGINE=InnoDB AUTO_INCREMENT=41 DEFAULT CHARSET=utf8;
/*!40101 SET character_set_client = @saved_cs_client */;

--
-- Dumping data for table `order_forms`
--

LOCK TABLES `order_forms` WRITE;
/*!40000 ALTER TABLE `order_forms` DISABLE KEYS */;
INSERT INTO `order_forms` VALUES (39,'李云飞','17611342011','北京','2250513263@qq.com','32200','我','12323232323','啊啊啊','32200',958,31),(40,'李云飞','17611342011','北京','2250513263@qq.com','32200','我','12323232323','天津','32200',959,31);
/*!40000 ALTER TABLE `order_forms` ENABLE KEYS */;
UNLOCK TABLES;

--
-- Table structure for table `shoppings`
--

DROP TABLE IF EXISTS `shoppings`;
/*!40101 SET @saved_cs_client     = @@character_set_client */;
/*!40101 SET character_set_client = utf8 */;
CREATE TABLE `shoppings` (
  `id` int(11) NOT NULL AUTO_INCREMENT,
  `good_name` varchar(255) NOT NULL,
  `main_diamond` varchar(255) DEFAULT NULL,
  `assitant_diamond` varchar(255) DEFAULT NULL,
  `good_size` varchar(255) NOT NULL,
  `good_number` int(11) NOT NULL,
  `good_price` int(11) DEFAULT NULL,
  `user_id` int(11) NOT NULL,
  `first_price` int(11) NOT NULL,
  `good_id` int(11) NOT NULL,
  PRIMARY KEY (`id`)
) ENGINE=InnoDB AUTO_INCREMENT=1115 DEFAULT CHARSET=gbk;
/*!40101 SET character_set_client = @saved_cs_client */;

--
-- Dumping data for table `shoppings`
--

LOCK TABLES `shoppings` WRITE;
/*!40000 ALTER TABLE `shoppings` DISABLE KEYS */;
INSERT INTO `shoppings` VALUES (1113,'光莹','主钻1颗0.60克拉','','13.0号',1,20300,33,20300,950);
/*!40000 ALTER TABLE `shoppings` ENABLE KEYS */;
UNLOCK TABLES;

--
-- Table structure for table `user`
--

DROP TABLE IF EXISTS `user`;
/*!40101 SET @saved_cs_client     = @@character_set_client */;
/*!40101 SET character_set_client = utf8 */;
CREATE TABLE `user` (
  `id` int(11) NOT NULL AUTO_INCREMENT,
  `user_name` varchar(255) NOT NULL,
  `user_phone` varchar(255) NOT NULL,
  `user_password` varchar(255) NOT NULL,
  PRIMARY KEY (`id`)
) ENGINE=InnoDB AUTO_INCREMENT=37 DEFAULT CHARSET=gbk;
/*!40101 SET character_set_client = @saved_cs_client */;

--
-- Dumping data for table `user`
--

LOCK TABLES `user` WRITE;
/*!40000 ALTER TABLE `user` DISABLE KEYS */;
INSERT INTO `user` VALUES (31,'云飞','17611342011','123123123'),(32,'赵天娇','13233588109','123123123'),(33,'天骄','12312313211','123123'),(34,'yunfei222','12312312311','123123123'),(35,'啊啊啊aa','12312312312','123123123'),(36,'yunfei222222','21212111111','123123123');
/*!40000 ALTER TABLE `user` ENABLE KEYS */;
UNLOCK TABLES;

--
-- Dumping routines for database 'my_rings'
--
/*!40103 SET TIME_ZONE=@OLD_TIME_ZONE */;

/*!40101 SET SQL_MODE=@OLD_SQL_MODE */;
/*!40014 SET FOREIGN_KEY_CHECKS=@OLD_FOREIGN_KEY_CHECKS */;
/*!40014 SET UNIQUE_CHECKS=@OLD_UNIQUE_CHECKS */;
/*!40101 SET CHARACTER_SET_CLIENT=@OLD_CHARACTER_SET_CLIENT */;
/*!40101 SET CHARACTER_SET_RESULTS=@OLD_CHARACTER_SET_RESULTS */;
/*!40101 SET COLLATION_CONNECTION=@OLD_COLLATION_CONNECTION */;
/*!40111 SET SQL_NOTES=@OLD_SQL_NOTES */;

-- Dump completed on 2019-05-27 19:19:46
